[INFO] Scanning for projects...
[INFO] 
[INFO] --------------------< com.example:hotel_inventory >---------------------
[INFO] Building hotel inventory 0.0.1-SNAPSHOT
[INFO]   from pom.xml
[INFO] --------------------------------[ jar ]---------------------------------
[INFO] 
[INFO] >>> spring-boot:3.5.4:run (default-cli) > test-compile @ hotel_inventory >>>
[INFO] 
[INFO] --- resources:3.3.1:resources (default-resources) @ hotel_inventory ---
[INFO] Copying 1 resource from src\main\resources to target\classes
[INFO] Copying 2 resources from src\main\resources to target\classes
[INFO] 
[INFO] --- compiler:3.14.0:compile (default-compile) @ hotel_inventory ---
[INFO] Recompiling the module because of changed source code.
[INFO] Compiling 76 source files with javac [debug parameters release 17] to target\classes
[WARNING] /D:/office works/Backend/src/main/java/com/example/hotel_inventory/model/Category.java:[25,21] @Builder will ignore the initializing expression entirely. If you want the initializing expression to serve as default, add @Builder.Default. If it is not supposed to be settable during building, make the field final.
[WARNING] /D:/office works/Backend/src/main/java/com/example/hotel_inventory/dto/request/CreateSupplierRequest.java:[31,21] @Builder will ignore the initializing expression entirely. If you want the initializing expression to serve as default, add @Builder.Default. If it is not supposed to be settable during building, make the field final.
[WARNING] /D:/office works/Backend/src/main/java/com/example/hotel_inventory/model/Supplier.java:[42,21] @Builder will ignore the initializing expression entirely. If you want the initializing expression to serve as default, add @Builder.Default. If it is not supposed to be settable during building, make the field final.
[WARNING] /D:/office works/Backend/src/main/java/com/example/hotel_inventory/dto/request/CreateCategoryRequest.java:[20,21] @Builder will ignore the initializing expression entirely. If you want the initializing expression to serve as default, add @Builder.Default. If it is not supposed to be settable during building, make the field final.
[WARNING] /D:/office works/Backend/src/main/java/com/example/hotel_inventory/dto/request/CreateInventoryItemRequest.java:[35,17] @Builder will ignore the initializing expression entirely. If you want the initializing expression to serve as default, add @Builder.Default. If it is not supposed to be settable during building, make the field final.
[WARNING] /D:/office works/Backend/src/main/java/com/example/hotel_inventory/dto/request/CreateInventoryItemRequest.java:[36,17] @Builder will ignore the initializing expression entirely. If you want the initializing expression to serve as default, add @Builder.Default. If it is not supposed to be settable during building, make the field final.
[WARNING] /D:/office works/Backend/src/main/java/com/example/hotel_inventory/model/InventoryItem.java:[40,17] @Builder will ignore the initializing expression entirely. If you want the initializing expression to serve as default, add @Builder.Default. If it is not supposed to be settable during building, make the field final.
[WARNING] /D:/office works/Backend/src/main/java/com/example/hotel_inventory/model/InventoryItem.java:[43,17] @Builder will ignore the initializing expression entirely. If you want the initializing expression to serve as default, add @Builder.Default. If it is not supposed to be settable during building, make the field final.
[WARNING] /D:/office works/Backend/src/main/java/com/example/hotel_inventory/exception/GlobalExceptionHandler.java:[65,5] Generating equals/hashCode implementation but without a call to superclass, even though this class does not extend java.lang.Object. If this is intentional, add '@EqualsAndHashCode(callSuper=false)' to your type.
[INFO] 
[INFO] --- resources:3.3.1:testResources (default-testResources) @ hotel_inventory ---
[INFO] skip non existing resourceDirectory D:\office works\Backend\src\test\resources
[INFO] 
[INFO] --- compiler:3.14.0:testCompile (default-testCompile) @ hotel_inventory ---
[INFO] Recompiling the module because of changed dependency.
[INFO] Compiling 4 source files with javac [debug parameters release 17] to target\test-classes
[INFO] 
[INFO] <<< spring-boot:3.5.4:run (default-cli) < test-compile @ hotel_inventory <<<
[INFO] 
[INFO] 
[INFO] --- spring-boot:3.5.4:run (default-cli) @ hotel_inventory ---
[INFO] Attaching agents: []

  .   ____          _            __ _ _
 /\\ / ___'_ __ _ _(_)_ __  __ _ \ \ \ \
( ( )\___ | '_ | '_| | '_ \/ _` | \ \ \ \
 \\/  ___)| |_)| | | | | || (_| |  ) ) ) )
  '  |____| .__|_| |_|_| |_\__, | / / / /
 =========|_|==============|___/=/_/_/_/

 :: Spring Boot ::                (v3.5.4)

2025-08-26T12:53:08.560+05:30  INFO 9676 --- [hotel-inventory] [           main] c.e.h.HotelInventoryApplication          : Starting HotelInventoryApplication using Java 17.0.15 with PID 9676 (D:\office works\Backend\target\classes started by Tharu in D:\office works\Backend)
2025-08-26T12:53:08.562+05:30 DEBUG 9676 --- [hotel-inventory] [           main] c.e.h.HotelInventoryApplication          : Running with Spring Boot v3.5.4, Spring v6.2.9
2025-08-26T12:53:08.562+05:30  INFO 9676 --- [hotel-inventory] [           main] c.e.h.HotelInventoryApplication          : No active profile set, falling back to 1 default profile: "default"
2025-08-26T12:53:09.328+05:30  INFO 9676 --- [hotel-inventory] [           main] .s.d.r.c.RepositoryConfigurationDelegate : Bootstrapping Spring Data JPA repositories in DEFAULT mode.
2025-08-26T12:53:09.418+05:30  INFO 9676 --- [hotel-inventory] [           main] .s.d.r.c.RepositoryConfigurationDelegate : Finished Spring Data repository scanning in 80 ms. Found 10 JPA repository interfaces.
2025-08-26T12:53:09.966+05:30  INFO 9676 --- [hotel-inventory] [           main] o.s.b.w.embedded.tomcat.TomcatWebServer  : Tomcat initialized with port 8082 (http)
2025-08-26T12:53:09.977+05:30  INFO 9676 --- [hotel-inventory] [           main] o.apache.catalina.core.StandardService   : Starting service [Tomcat]
2025-08-26T12:53:09.978+05:30  INFO 9676 --- [hotel-inventory] [           main] o.apache.catalina.core.StandardEngine    : Starting Servlet engine: [Apache Tomcat/10.1.43]
2025-08-26T12:53:10.044+05:30  INFO 9676 --- [hotel-inventory] [           main] o.a.c.c.C.[Tomcat].[localhost].[/]       : Initializing Spring embedded WebApplicationContext
2025-08-26T12:53:10.045+05:30  INFO 9676 --- [hotel-inventory] [           main] w.s.c.ServletWebServerApplicationContext : Root WebApplicationContext: initialization completed in 1439 ms
2025-08-26T12:53:10.155+05:30  INFO 9676 --- [hotel-inventory] [           main] o.hibernate.jpa.internal.util.LogHelper  : HHH000204: Processing PersistenceUnitInfo [name: default]
2025-08-26T12:53:10.190+05:30  INFO 9676 --- [hotel-inventory] [           main] org.hibernate.Version                    : HHH000412: Hibernate ORM core version 6.6.22.Final
2025-08-26T12:53:10.216+05:30  INFO 9676 --- [hotel-inventory] [           main] o.h.c.internal.RegionFactoryInitiator    : HHH000026: Second-level cache disabled
2025-08-26T12:53:10.434+05:30  INFO 9676 --- [hotel-inventory] [           main] o.s.o.j.p.SpringPersistenceUnitInfo      : No LoadTimeWeaver setup: ignoring JPA class transformer
2025-08-26T12:53:10.459+05:30  INFO 9676 --- [hotel-inventory] [           main] com.zaxxer.hikari.HikariDataSource       : HikariPool-1 - Starting...
2025-08-26T12:53:10.610+05:30  INFO 9676 --- [hotel-inventory] [           main] com.zaxxer.hikari.pool.HikariPool        : HikariPool-1 - Added connection com.mysql.cj.jdbc.ConnectionImpl@5ddd84d2
2025-08-26T12:53:10.611+05:30  INFO 9676 --- [hotel-inventory] [           main] com.zaxxer.hikari.HikariDataSource       : HikariPool-1 - Start completed.
2025-08-26T12:53:10.629+05:30  WARN 9676 --- [hotel-inventory] [           main] org.hibernate.orm.deprecation            : HHH90000025: MySQL8Dialect does not need to be specified explicitly using 'hibernate.dialect' (remove the property setting and it will be selected by default)
2025-08-26T12:53:10.630+05:30  WARN 9676 --- [hotel-inventory] [           main] org.hibernate.orm.deprecation            : HHH90000026: MySQL8Dialect has been deprecated; use org.hibernate.dialect.MySQLDialect instead
2025-08-26T12:53:10.647+05:30  INFO 9676 --- [hotel-inventory] [           main] org.hibernate.orm.connections.pooling    : HHH10001005: Database info:
	Database JDBC URL [Connecting through datasource 'HikariDataSource (HikariPool-1)']
	Database driver: undefined/unknown
	Database version: 8.0
	Autocommit mode: undefined/unknown
	Isolation level: undefined/unknown
	Minimum pool size: undefined/unknown
	Maximum pool size: undefined/unknown
2025-08-26T12:53:11.599+05:30  INFO 9676 --- [hotel-inventory] [           main] o.h.e.t.j.p.i.JtaPlatformInitiator       : HHH000489: No JTA platform available (set 'hibernate.transaction.jta.platform' to enable JTA platform integration)
2025-08-26T12:53:11.612+05:30 DEBUG 9676 --- [hotel-inventory] [           main] org.hibernate.SQL                        : 
    alter table inspection_items 
       drop 
       foreign key FKbiylq4jesyn83m2tjjbu9ggmw
Hibernate: 
    alter table inspection_items 
       drop 
       foreign key FKbiylq4jesyn83m2tjjbu9ggmw
2025-08-26T12:53:11.643+05:30  WARN 9676 --- [hotel-inventory] [           main] o.h.t.s.i.ExceptionHandlerLoggedImpl     : GenerationTarget encountered exception accepting command : Error executing DDL "
    alter table inspection_items 
       drop 
       foreign key FKbiylq4jesyn83m2tjjbu9ggmw" via JDBC [Table 'hotel_inventory.inspection_items' doesn't exist]

org.hibernate.tool.schema.spi.CommandAcceptanceException: Error executing DDL "
    alter table inspection_items 
       drop 
       foreign key FKbiylq4jesyn83m2tjjbu9ggmw" via JDBC [Table 'hotel_inventory.inspection_items' doesn't exist]
	at org.hibernate.tool.schema.internal.exec.GenerationTargetToDatabase.accept(GenerationTargetToDatabase.java:94) ~[hibernate-core-6.6.22.Final.jar:6.6.22.Final]
	at org.hibernate.tool.schema.internal.Helper.applySqlString(Helper.java:233) ~[hibernate-core-6.6.22.Final.jar:6.6.22.Final]
	at org.hibernate.tool.schema.internal.Helper.applySqlStrings(Helper.java:217) ~[hibernate-core-6.6.22.Final.jar:6.6.22.Final]
	at org.hibernate.tool.schema.internal.SchemaDropperImpl.applyConstraintDropping(SchemaDropperImpl.java:479) ~[hibernate-core-6.6.22.Final.jar:6.6.22.Final]
	at org.hibernate.tool.schema.internal.SchemaDropperImpl.dropConstraintsTablesSequences(SchemaDropperImpl.java:245) ~[hibernate-core-6.6.22.Final.jar:6.6.22.Final]
	at org.hibernate.tool.schema.internal.SchemaDropperImpl.dropFromMetadata(SchemaDropperImpl.java:218) ~[hibernate-core-6.6.22.Final.jar:6.6.22.Final]
	at org.hibernate.tool.schema.internal.SchemaDropperImpl.performDrop(SchemaDropperImpl.java:186) ~[hibernate-core-6.6.22.Final.jar:6.6.22.Final]
	at org.hibernate.tool.schema.internal.SchemaDropperImpl.doDrop(SchemaDropperImpl.java:156) ~[hibernate-core-6.6.22.Final.jar:6.6.22.Final]
	at org.hibernate.tool.schema.internal.SchemaDropperImpl.doDrop(SchemaDropperImpl.java:116) ~[hibernate-core-6.6.22.Final.jar:6.6.22.Final]
	at org.hibernate.tool.schema.spi.SchemaManagementToolCoordinator.performDatabaseAction(SchemaManagementToolCoordinator.java:238) ~[hibernate-core-6.6.22.Final.jar:6.6.22.Final]
	at org.hibernate.tool.schema.spi.SchemaManagementToolCoordinator.lambda$process$5(SchemaManagementToolCoordinator.java:144) ~[hibernate-core-6.6.22.Final.jar:6.6.22.Final]
	at java.base/java.util.HashMap.forEach(HashMap.java:1421) ~[na:na]
	at org.hibernate.tool.schema.spi.SchemaManagementToolCoordinator.process(SchemaManagementToolCoordinator.java:141) ~[hibernate-core-6.6.22.Final.jar:6.6.22.Final]
	at org.hibernate.boot.internal.SessionFactoryObserverForSchemaExport.sessionFactoryCreated(SessionFactoryObserverForSchemaExport.java:37) ~[hibernate-core-6.6.22.Final.jar:6.6.22.Final]
	at org.hibernate.internal.SessionFactoryObserverChain.sessionFactoryCreated(SessionFactoryObserverChain.java:35) ~[hibernate-core-6.6.22.Final.jar:6.6.22.Final]
	at org.hibernate.internal.SessionFactoryImpl.<init>(SessionFactoryImpl.java:324) ~[hibernate-core-6.6.22.Final.jar:6.6.22.Final]
	at org.hibernate.boot.internal.SessionFactoryBuilderImpl.build(SessionFactoryBuilderImpl.java:463) ~[hibernate-core-6.6.22.Final.jar:6.6.22.Final]
	at org.hibernate.jpa.boot.internal.EntityManagerFactoryBuilderImpl.build(EntityManagerFactoryBuilderImpl.java:1517) ~[hibernate-core-6.6.22.Final.jar:6.6.22.Final]
	at org.springframework.orm.jpa.vendor.SpringHibernateJpaPersistenceProvider.createContainerEntityManagerFactory(SpringHibernateJpaPersistenceProvider.java:66) ~[spring-orm-6.2.9.jar:6.2.9]
	at org.springframework.orm.jpa.LocalContainerEntityManagerFactoryBean.createNativeEntityManagerFactory(LocalContainerEntityManagerFactoryBean.java:390) ~[spring-orm-6.2.9.jar:6.2.9]
	at org.springframework.orm.jpa.AbstractEntityManagerFactoryBean.buildNativeEntityManagerFactory(AbstractEntityManagerFactoryBean.java:419) ~[spring-orm-6.2.9.jar:6.2.9]
	at org.springframework.orm.jpa.AbstractEntityManagerFactoryBean.afterPropertiesSet(AbstractEntityManagerFactoryBean.java:400) ~[spring-orm-6.2.9.jar:6.2.9]
	at org.springframework.orm.jpa.LocalContainerEntityManagerFactoryBean.afterPropertiesSet(LocalContainerEntityManagerFactoryBean.java:366) ~[spring-orm-6.2.9.jar:6.2.9]
	at org.springframework.beans.factory.support.AbstractAutowireCapableBeanFactory.invokeInitMethods(AbstractAutowireCapableBeanFactory.java:1873) ~[spring-beans-6.2.9.jar:6.2.9]
	at org.springframework.beans.factory.support.AbstractAutowireCapableBeanFactory.initializeBean(AbstractAutowireCapableBeanFactory.java:1822) ~[spring-beans-6.2.9.jar:6.2.9]
	at org.springframework.beans.factory.support.AbstractAutowireCapableBeanFactory.doCreateBean(AbstractAutowireCapableBeanFactory.java:607) ~[spring-beans-6.2.9.jar:6.2.9]
	at org.springframework.beans.factory.support.AbstractAutowireCapableBeanFactory.createBean(AbstractAutowireCapableBeanFactory.java:529) ~[spring-beans-6.2.9.jar:6.2.9]
	at org.springframework.beans.factory.support.AbstractBeanFactory.lambda$doGetBean$0(AbstractBeanFactory.java:339) ~[spring-beans-6.2.9.jar:6.2.9]
	at org.springframework.beans.factory.support.DefaultSingletonBeanRegistry.getSingleton(DefaultSingletonBeanRegistry.java:373) ~[spring-beans-6.2.9.jar:6.2.9]
	at org.springframework.beans.factory.support.AbstractBeanFactory.doGetBean(AbstractBeanFactory.java:337) ~[spring-beans-6.2.9.jar:6.2.9]
	at org.springframework.beans.factory.support.AbstractBeanFactory.getBean(AbstractBeanFactory.java:202) ~[spring-beans-6.2.9.jar:6.2.9]
	at org.springframework.beans.factory.support.BeanDefinitionValueResolver.resolveReference(BeanDefinitionValueResolver.java:365) ~[spring-beans-6.2.9.jar:6.2.9]
	at org.springframework.beans.factory.support.BeanDefinitionValueResolver.resolveValueIfNecessary(BeanDefinitionValueResolver.java:135) ~[spring-beans-6.2.9.jar:6.2.9]
	at org.springframework.beans.factory.support.ConstructorResolver.resolveConstructorArguments(ConstructorResolver.java:691) ~[spring-beans-6.2.9.jar:6.2.9]
	at org.springframework.beans.factory.support.ConstructorResolver.instantiateUsingFactoryMethod(ConstructorResolver.java:513) ~[spring-beans-6.2.9.jar:6.2.9]
	at org.springframework.beans.factory.support.AbstractAutowireCapableBeanFactory.instantiateUsingFactoryMethod(AbstractAutowireCapableBeanFactory.java:1375) ~[spring-beans-6.2.9.jar:6.2.9]
	at org.springframework.beans.factory.support.AbstractAutowireCapableBeanFactory.createBeanInstance(AbstractAutowireCapableBeanFactory.java:1205) ~[spring-beans-6.2.9.jar:6.2.9]
	at org.springframework.beans.factory.support.AbstractAutowireCapableBeanFactory.doCreateBean(AbstractAutowireCapableBeanFactory.java:569) ~[spring-beans-6.2.9.jar:6.2.9]
	at org.springframework.beans.factory.support.AbstractAutowireCapableBeanFactory.createBean(AbstractAutowireCapableBeanFactory.java:529) ~[spring-beans-6.2.9.jar:6.2.9]
	at org.springframework.beans.factory.support.AbstractBeanFactory.lambda$doGetBean$0(AbstractBeanFactory.java:339) ~[spring-beans-6.2.9.jar:6.2.9]
	at org.springframework.beans.factory.support.DefaultSingletonBeanRegistry.getSingleton(DefaultSingletonBeanRegistry.java:373) ~[spring-beans-6.2.9.jar:6.2.9]
	at org.springframework.beans.factory.support.AbstractBeanFactory.doGetBean(AbstractBeanFactory.java:337) ~[spring-beans-6.2.9.jar:6.2.9]
	at org.springframework.beans.factory.support.AbstractBeanFactory.getBean(AbstractBeanFactory.java:202) ~[spring-beans-6.2.9.jar:6.2.9]
	at org.springframework.beans.factory.support.BeanDefinitionValueResolver.resolveReference(BeanDefinitionValueResolver.java:365) ~[spring-beans-6.2.9.jar:6.2.9]
	at org.springframework.beans.factory.support.BeanDefinitionValueResolver.resolveValueIfNecessary(BeanDefinitionValueResolver.java:135) ~[spring-beans-6.2.9.jar:6.2.9]
	at org.springframework.beans.factory.support.AbstractAutowireCapableBeanFactory.applyPropertyValues(AbstractAutowireCapableBeanFactory.java:1725) ~[spring-beans-6.2.9.jar:6.2.9]
	at org.springframework.beans.factory.support.AbstractAutowireCapableBeanFactory.populateBean(AbstractAutowireCapableBeanFactory.java:1474) ~[spring-beans-6.2.9.jar:6.2.9]
	at org.springframework.beans.factory.support.AbstractAutowireCapableBeanFactory.doCreateBean(AbstractAutowireCapableBeanFactory.java:606) ~[spring-beans-6.2.9.jar:6.2.9]
	at org.springframework.beans.factory.support.AbstractAutowireCapableBeanFactory.createBean(AbstractAutowireCapableBeanFactory.java:529) ~[spring-beans-6.2.9.jar:6.2.9]
	at org.springframework.beans.factory.support.AbstractBeanFactory.lambda$doGetBean$0(AbstractBeanFactory.java:339) ~[spring-beans-6.2.9.jar:6.2.9]
	at org.springframework.beans.factory.support.DefaultSingletonBeanRegistry.getSingleton(DefaultSingletonBeanRegistry.java:373) ~[spring-beans-6.2.9.jar:6.2.9]
	at org.springframework.beans.factory.support.AbstractBeanFactory.doGetBean(AbstractBeanFactory.java:337) ~[spring-beans-6.2.9.jar:6.2.9]
	at org.springframework.beans.factory.support.AbstractBeanFactory.getBean(AbstractBeanFactory.java:202) ~[spring-beans-6.2.9.jar:6.2.9]
	at org.springframework.beans.factory.support.DefaultListableBeanFactory.doResolveDependency(DefaultListableBeanFactory.java:1683) ~[spring-beans-6.2.9.jar:6.2.9]
	at org.springframework.beans.factory.support.DefaultListableBeanFactory.resolveDependency(DefaultListableBeanFactory.java:1628) ~[spring-beans-6.2.9.jar:6.2.9]
	at org.springframework.beans.factory.annotation.AutowiredAnnotationBeanPostProcessor$AutowiredFieldElement.resolveFieldValue(AutowiredAnnotationBeanPostProcessor.java:785) ~[spring-beans-6.2.9.jar:6.2.9]
	at org.springframework.beans.factory.annotation.AutowiredAnnotationBeanPostProcessor$AutowiredFieldElement.inject(AutowiredAnnotationBeanPostProcessor.java:768) ~[spring-beans-6.2.9.jar:6.2.9]
	at org.springframework.beans.factory.annotation.InjectionMetadata.inject(InjectionMetadata.java:146) ~[spring-beans-6.2.9.jar:6.2.9]
	at org.springframework.beans.factory.annotation.AutowiredAnnotationBeanPostProcessor.postProcessProperties(AutowiredAnnotationBeanPostProcessor.java:509) ~[spring-beans-6.2.9.jar:6.2.9]
	at org.springframework.beans.factory.support.AbstractAutowireCapableBeanFactory.populateBean(AbstractAutowireCapableBeanFactory.java:1459) ~[spring-beans-6.2.9.jar:6.2.9]
	at org.springframework.beans.factory.support.AbstractAutowireCapableBeanFactory.doCreateBean(AbstractAutowireCapableBeanFactory.java:606) ~[spring-beans-6.2.9.jar:6.2.9]
	at org.springframework.beans.factory.support.AbstractAutowireCapableBeanFactory.createBean(AbstractAutowireCapableBeanFactory.java:529) ~[spring-beans-6.2.9.jar:6.2.9]
	at org.springframework.beans.factory.support.AbstractBeanFactory.lambda$doGetBean$0(AbstractBeanFactory.java:339) ~[spring-beans-6.2.9.jar:6.2.9]
	at org.springframework.beans.factory.support.DefaultSingletonBeanRegistry.getSingleton(DefaultSingletonBeanRegistry.java:373) ~[spring-beans-6.2.9.jar:6.2.9]
	at org.springframework.beans.factory.support.AbstractBeanFactory.doGetBean(AbstractBeanFactory.java:337) ~[spring-beans-6.2.9.jar:6.2.9]
	at org.springframework.beans.factory.support.AbstractBeanFactory.getBean(AbstractBeanFactory.java:207) ~[spring-beans-6.2.9.jar:6.2.9]
	at org.springframework.boot.web.servlet.ServletContextInitializerBeans.getOrderedBeansOfType(ServletContextInitializerBeans.java:230) ~[spring-boot-3.5.4.jar:3.5.4]
	at org.springframework.boot.web.servlet.ServletContextInitializerBeans.addAsRegistrationBean(ServletContextInitializerBeans.java:184) ~[spring-boot-3.5.4.jar:3.5.4]
	at org.springframework.boot.web.servlet.ServletContextInitializerBeans.addAsRegistrationBean(ServletContextInitializerBeans.java:179) ~[spring-boot-3.5.4.jar:3.5.4]
	at org.springframework.boot.web.servlet.ServletContextInitializerBeans.addAdaptableBeans(ServletContextInitializerBeans.java:164) ~[spring-boot-3.5.4.jar:3.5.4]
	at org.springframework.boot.web.servlet.ServletContextInitializerBeans.<init>(ServletContextInitializerBeans.java:96) ~[spring-boot-3.5.4.jar:3.5.4]
	at org.springframework.boot.web.servlet.context.ServletWebServerApplicationContext.getServletContextInitializerBeans(ServletWebServerApplicationContext.java:271) ~[spring-boot-3.5.4.jar:3.5.4]
	at org.springframework.boot.web.servlet.context.ServletWebServerApplicationContext.selfInitialize(ServletWebServerApplicationContext.java:245) ~[spring-boot-3.5.4.jar:3.5.4]
	at org.springframework.boot.web.embedded.tomcat.TomcatStarter.onStartup(TomcatStarter.java:52) ~[spring-boot-3.5.4.jar:3.5.4]
	at org.apache.catalina.core.StandardContext.startInternal(StandardContext.java:4464) ~[tomcat-embed-core-10.1.43.jar:10.1.43]
	at org.apache.catalina.util.LifecycleBase.start(LifecycleBase.java:164) ~[tomcat-embed-core-10.1.43.jar:10.1.43]
	at org.apache.catalina.core.ContainerBase$StartChild.call(ContainerBase.java:1203) ~[tomcat-embed-core-10.1.43.jar:10.1.43]
	at org.apache.catalina.core.ContainerBase$StartChild.call(ContainerBase.java:1193) ~[tomcat-embed-core-10.1.43.jar:10.1.43]
	at java.base/java.util.concurrent.FutureTask.run(FutureTask.java:264) ~[na:na]
	at org.apache.tomcat.util.threads.InlineExecutorService.execute(InlineExecutorService.java:75) ~[tomcat-embed-core-10.1.43.jar:10.1.43]
	at java.base/java.util.concurrent.AbstractExecutorService.submit(AbstractExecutorService.java:145) ~[na:na]
	at org.apache.catalina.core.ContainerBase.startInternal(ContainerBase.java:749) ~[tomcat-embed-core-10.1.43.jar:10.1.43]
	at org.apache.catalina.core.StandardHost.startInternal(StandardHost.java:772) ~[tomcat-embed-core-10.1.43.jar:10.1.43]
	at org.apache.catalina.util.LifecycleBase.start(LifecycleBase.java:164) ~[tomcat-embed-core-10.1.43.jar:10.1.43]
	at org.apache.catalina.core.ContainerBase$StartChild.call(ContainerBase.java:1203) ~[tomcat-embed-core-10.1.43.jar:10.1.43]
	at org.apache.catalina.core.ContainerBase$StartChild.call(ContainerBase.java:1193) ~[tomcat-embed-core-10.1.43.jar:10.1.43]
	at java.base/java.util.concurrent.FutureTask.run(FutureTask.java:264) ~[na:na]
	at org.apache.tomcat.util.threads.InlineExecutorService.execute(InlineExecutorService.java:75) ~[tomcat-embed-core-10.1.43.jar:10.1.43]
	at java.base/java.util.concurrent.AbstractExecutorService.submit(AbstractExecutorService.java:145) ~[na:na]
	at org.apache.catalina.core.ContainerBase.startInternal(ContainerBase.java:749) ~[tomcat-embed-core-10.1.43.jar:10.1.43]
	at org.apache.catalina.core.StandardEngine.startInternal(StandardEngine.java:203) ~[tomcat-embed-core-10.1.43.jar:10.1.43]
	at org.apache.catalina.util.LifecycleBase.start(LifecycleBase.java:164) ~[tomcat-embed-core-10.1.43.jar:10.1.43]
	at org.apache.catalina.core.StandardService.startInternal(StandardService.java:412) ~[tomcat-embed-core-10.1.43.jar:10.1.43]
	at org.apache.catalina.util.LifecycleBase.start(LifecycleBase.java:164) ~[tomcat-embed-core-10.1.43.jar:10.1.43]
	at org.apache.catalina.core.StandardServer.startInternal(StandardServer.java:870) ~[tomcat-embed-core-10.1.43.jar:10.1.43]
	at org.apache.catalina.util.LifecycleBase.start(LifecycleBase.java:164) ~[tomcat-embed-core-10.1.43.jar:10.1.43]
	at org.apache.catalina.startup.Tomcat.start(Tomcat.java:438) ~[tomcat-embed-core-10.1.43.jar:10.1.43]
	at org.springframework.boot.web.embedded.tomcat.TomcatWebServer.initialize(TomcatWebServer.java:128) ~[spring-boot-3.5.4.jar:3.5.4]
	at org.springframework.boot.web.embedded.tomcat.TomcatWebServer.<init>(TomcatWebServer.java:107) ~[spring-boot-3.5.4.jar:3.5.4]
	at org.springframework.boot.web.embedded.tomcat.TomcatServletWebServerFactory.getTomcatWebServer(TomcatServletWebServerFactory.java:517) ~[spring-boot-3.5.4.jar:3.5.4]
	at org.springframework.boot.web.embedded.tomcat.TomcatServletWebServerFactory.getWebServer(TomcatServletWebServerFactory.java:219) ~[spring-boot-3.5.4.jar:3.5.4]
	at org.springframework.boot.web.servlet.context.ServletWebServerApplicationContext.createWebServer(ServletWebServerApplicationContext.java:193) ~[spring-boot-3.5.4.jar:3.5.4]
	at org.springframework.boot.web.servlet.context.ServletWebServerApplicationContext.onRefresh(ServletWebServerApplicationContext.java:167) ~[spring-boot-3.5.4.jar:3.5.4]
	at org.springframework.context.support.AbstractApplicationContext.refresh(AbstractApplicationContext.java:621) ~[spring-context-6.2.9.jar:6.2.9]
	at org.springframework.boot.web.servlet.context.ServletWebServerApplicationContext.refresh(ServletWebServerApplicationContext.java:146) ~[spring-boot-3.5.4.jar:3.5.4]
	at org.springframework.boot.SpringApplication.refresh(SpringApplication.java:752) ~[spring-boot-3.5.4.jar:3.5.4]
	at org.springframework.boot.SpringApplication.refreshContext(SpringApplication.java:439) ~[spring-boot-3.5.4.jar:3.5.4]
	at org.springframework.boot.SpringApplication.run(SpringApplication.java:318) ~[spring-boot-3.5.4.jar:3.5.4]
	at org.springframework.boot.SpringApplication.run(SpringApplication.java:1361) ~[spring-boot-3.5.4.jar:3.5.4]
	at org.springframework.boot.SpringApplication.run(SpringApplication.java:1350) ~[spring-boot-3.5.4.jar:3.5.4]
	at com.example.hotel_inventory.HotelInventoryApplication.main(HotelInventoryApplication.java:10) ~[classes/:na]
Caused by: java.sql.SQLSyntaxErrorException: Table 'hotel_inventory.inspection_items' doesn't exist
	at com.mysql.cj.jdbc.exceptions.SQLError.createSQLException(SQLError.java:112) ~[mysql-connector-j-9.3.0.jar:9.3.0]
	at com.mysql.cj.jdbc.exceptions.SQLExceptionsMapping.translateException(SQLExceptionsMapping.java:114) ~[mysql-connector-j-9.3.0.jar:9.3.0]
	at com.mysql.cj.jdbc.StatementImpl.executeInternal(StatementImpl.java:837) ~[mysql-connector-j-9.3.0.jar:9.3.0]
	at com.mysql.cj.jdbc.StatementImpl.execute(StatementImpl.java:685) ~[mysql-connector-j-9.3.0.jar:9.3.0]
	at com.zaxxer.hikari.pool.ProxyStatement.execute(ProxyStatement.java:95) ~[HikariCP-6.3.1.jar:na]
	at com.zaxxer.hikari.pool.HikariProxyStatement.execute(HikariProxyStatement.java) ~[HikariCP-6.3.1.jar:na]
	at org.hibernate.tool.schema.internal.exec.GenerationTargetToDatabase.accept(GenerationTargetToDatabase.java:80) ~[hibernate-core-6.6.22.Final.jar:6.6.22.Final]
	... 110 common frames omitted

2025-08-26T12:53:11.647+05:30 DEBUG 9676 --- [hotel-inventory] [           main] org.hibernate.SQL                        : 
    alter table inspection_items 
       drop 
       foreign key FKpkrkco70dhuvwjdc0mm1dt9v6
Hibernate: 
    alter table inspection_items 
       drop 
       foreign key FKpkrkco70dhuvwjdc0mm1dt9v6
2025-08-26T12:53:11.648+05:30  WARN 9676 --- [hotel-inventory] [           main] o.h.t.s.i.ExceptionHandlerLoggedImpl     : GenerationTarget encountered exception accepting command : Error executing DDL "
    alter table inspection_items 
       drop 
       foreign key FKpkrkco70dhuvwjdc0mm1dt9v6" via JDBC [Table 'hotel_inventory.inspection_items' doesn't exist]

org.hibernate.tool.schema.spi.CommandAcceptanceException: Error executing DDL "
    alter table inspection_items 
       drop 
       foreign key FKpkrkco70dhuvwjdc0mm1dt9v6" via JDBC [Table 'hotel_inventory.inspection_items' doesn't exist]
	at org.hibernate.tool.schema.internal.exec.GenerationTargetToDatabase.accept(GenerationTargetToDatabase.java:94) ~[hibernate-core-6.6.22.Final.jar:6.6.22.Final]
	at org.hibernate.tool.schema.internal.Helper.applySqlString(Helper.java:233) ~[hibernate-core-6.6.22.Final.jar:6.6.22.Final]
	at org.hibernate.tool.schema.internal.Helper.applySqlStrings(Helper.java:217) ~[hibernate-core-6.6.22.Final.jar:6.6.22.Final]
	at org.hibernate.tool.schema.internal.SchemaDropperImpl.applyConstraintDropping(SchemaDropperImpl.java:479) ~[hibernate-core-6.6.22.Final.jar:6.6.22.Final]
	at org.hibernate.tool.schema.internal.SchemaDropperImpl.dropConstraintsTablesSequences(SchemaDropperImpl.java:245) ~[hibernate-core-6.6.22.Final.jar:6.6.22.Final]
	at org.hibernate.tool.schema.internal.SchemaDropperImpl.dropFromMetadata(SchemaDropperImpl.java:218) ~[hibernate-core-6.6.22.Final.jar:6.6.22.Final]
	at org.hibernate.tool.schema.internal.SchemaDropperImpl.performDrop(SchemaDropperImpl.java:186) ~[hibernate-core-6.6.22.Final.jar:6.6.22.Final]
	at org.hibernate.tool.schema.internal.SchemaDropperImpl.doDrop(SchemaDropperImpl.java:156) ~[hibernate-core-6.6.22.Final.jar:6.6.22.Final]
	at org.hibernate.tool.schema.internal.SchemaDropperImpl.doDrop(SchemaDropperImpl.java:116) ~[hibernate-core-6.6.22.Final.jar:6.6.22.Final]
	at org.hibernate.tool.schema.spi.SchemaManagementToolCoordinator.performDatabaseAction(SchemaManagementToolCoordinator.java:238) ~[hibernate-core-6.6.22.Final.jar:6.6.22.Final]
	at org.hibernate.tool.schema.spi.SchemaManagementToolCoordinator.lambda$process$5(SchemaManagementToolCoordinator.java:144) ~[hibernate-core-6.6.22.Final.jar:6.6.22.Final]
	at java.base/java.util.HashMap.forEach(HashMap.java:1421) ~[na:na]
	at org.hibernate.tool.schema.spi.SchemaManagementToolCoordinator.process(SchemaManagementToolCoordinator.java:141) ~[hibernate-core-6.6.22.Final.jar:6.6.22.Final]
	at org.hibernate.boot.internal.SessionFactoryObserverForSchemaExport.sessionFactoryCreated(SessionFactoryObserverForSchemaExport.java:37) ~[hibernate-core-6.6.22.Final.jar:6.6.22.Final]
	at org.hibernate.internal.SessionFactoryObserverChain.sessionFactoryCreated(SessionFactoryObserverChain.java:35) ~[hibernate-core-6.6.22.Final.jar:6.6.22.Final]
	at org.hibernate.internal.SessionFactoryImpl.<init>(SessionFactoryImpl.java:324) ~[hibernate-core-6.6.22.Final.jar:6.6.22.Final]
	at org.hibernate.boot.internal.SessionFactoryBuilderImpl.build(SessionFactoryBuilderImpl.java:463) ~[hibernate-core-6.6.22.Final.jar:6.6.22.Final]
	at org.hibernate.jpa.boot.internal.EntityManagerFactoryBuilderImpl.build(EntityManagerFactoryBuilderImpl.java:1517) ~[hibernate-core-6.6.22.Final.jar:6.6.22.Final]
	at org.springframework.orm.jpa.vendor.SpringHibernateJpaPersistenceProvider.createContainerEntityManagerFactory(SpringHibernateJpaPersistenceProvider.java:66) ~[spring-orm-6.2.9.jar:6.2.9]
	at org.springframework.orm.jpa.LocalContainerEntityManagerFactoryBean.createNativeEntityManagerFactory(LocalContainerEntityManagerFactoryBean.java:390) ~[spring-orm-6.2.9.jar:6.2.9]
	at org.springframework.orm.jpa.AbstractEntityManagerFactoryBean.buildNativeEntityManagerFactory(AbstractEntityManagerFactoryBean.java:419) ~[spring-orm-6.2.9.jar:6.2.9]
	at org.springframework.orm.jpa.AbstractEntityManagerFactoryBean.afterPropertiesSet(AbstractEntityManagerFactoryBean.java:400) ~[spring-orm-6.2.9.jar:6.2.9]
	at org.springframework.orm.jpa.LocalContainerEntityManagerFactoryBean.afterPropertiesSet(LocalContainerEntityManagerFactoryBean.java:366) ~[spring-orm-6.2.9.jar:6.2.9]
	at org.springframework.beans.factory.support.AbstractAutowireCapableBeanFactory.invokeInitMethods(AbstractAutowireCapableBeanFactory.java:1873) ~[spring-beans-6.2.9.jar:6.2.9]
	at org.springframework.beans.factory.support.AbstractAutowireCapableBeanFactory.initializeBean(AbstractAutowireCapableBeanFactory.java:1822) ~[spring-beans-6.2.9.jar:6.2.9]
	at org.springframework.beans.factory.support.AbstractAutowireCapableBeanFactory.doCreateBean(AbstractAutowireCapableBeanFactory.java:607) ~[spring-beans-6.2.9.jar:6.2.9]
	at org.springframework.beans.factory.support.AbstractAutowireCapableBeanFactory.createBean(AbstractAutowireCapableBeanFactory.java:529) ~[spring-beans-6.2.9.jar:6.2.9]
	at org.springframework.beans.factory.support.AbstractBeanFactory.lambda$doGetBean$0(AbstractBeanFactory.java:339) ~[spring-beans-6.2.9.jar:6.2.9]
	at org.springframework.beans.factory.support.DefaultSingletonBeanRegistry.getSingleton(DefaultSingletonBeanRegistry.java:373) ~[spring-beans-6.2.9.jar:6.2.9]
	at org.springframework.beans.factory.support.AbstractBeanFactory.doGetBean(AbstractBeanFactory.java:337) ~[spring-beans-6.2.9.jar:6.2.9]
	at org.springframework.beans.factory.support.AbstractBeanFactory.getBean(AbstractBeanFactory.java:202) ~[spring-beans-6.2.9.jar:6.2.9]
	at org.springframework.beans.factory.support.BeanDefinitionValueResolver.resolveReference(BeanDefinitionValueResolver.java:365) ~[spring-beans-6.2.9.jar:6.2.9]
	at org.springframework.beans.factory.support.BeanDefinitionValueResolver.resolveValueIfNecessary(BeanDefinitionValueResolver.java:135) ~[spring-beans-6.2.9.jar:6.2.9]
	at org.springframework.beans.factory.support.ConstructorResolver.resolveConstructorArguments(ConstructorResolver.java:691) ~[spring-beans-6.2.9.jar:6.2.9]
	at org.springframework.beans.factory.support.ConstructorResolver.instantiateUsingFactoryMethod(ConstructorResolver.java:513) ~[spring-beans-6.2.9.jar:6.2.9]
	at org.springframework.beans.factory.support.AbstractAutowireCapableBeanFactory.instantiateUsingFactoryMethod(AbstractAutowireCapableBeanFactory.java:1375) ~[spring-beans-6.2.9.jar:6.2.9]
	at org.springframework.beans.factory.support.AbstractAutowireCapableBeanFactory.createBeanInstance(AbstractAutowireCapableBeanFactory.java:1205) ~[spring-beans-6.2.9.jar:6.2.9]
	at org.springframework.beans.factory.support.AbstractAutowireCapableBeanFactory.doCreateBean(AbstractAutowireCapableBeanFactory.java:569) ~[spring-beans-6.2.9.jar:6.2.9]
	at org.springframework.beans.factory.support.AbstractAutowireCapableBeanFactory.createBean(AbstractAutowireCapableBeanFactory.java:529) ~[spring-beans-6.2.9.jar:6.2.9]
	at org.springframework.beans.factory.support.AbstractBeanFactory.lambda$doGetBean$0(AbstractBeanFactory.java:339) ~[spring-beans-6.2.9.jar:6.2.9]
	at org.springframework.beans.factory.support.DefaultSingletonBeanRegistry.getSingleton(DefaultSingletonBeanRegistry.java:373) ~[spring-beans-6.2.9.jar:6.2.9]
	at org.springframework.beans.factory.support.AbstractBeanFactory.doGetBean(AbstractBeanFactory.java:337) ~[spring-beans-6.2.9.jar:6.2.9]
	at org.springframework.beans.factory.support.AbstractBeanFactory.getBean(AbstractBeanFactory.java:202) ~[spring-beans-6.2.9.jar:6.2.9]
	at org.springframework.beans.factory.support.BeanDefinitionValueResolver.resolveReference(BeanDefinitionValueResolver.java:365) ~[spring-beans-6.2.9.jar:6.2.9]
	at org.springframework.beans.factory.support.BeanDefinitionValueResolver.resolveValueIfNecessary(BeanDefinitionValueResolver.java:135) ~[spring-beans-6.2.9.jar:6.2.9]
	at org.springframework.beans.factory.support.AbstractAutowireCapableBeanFactory.applyPropertyValues(AbstractAutowireCapableBeanFactory.java:1725) ~[spring-beans-6.2.9.jar:6.2.9]
	at org.springframework.beans.factory.support.AbstractAutowireCapableBeanFactory.populateBean(AbstractAutowireCapableBeanFactory.java:1474) ~[spring-beans-6.2.9.jar:6.2.9]
	at org.springframework.beans.factory.support.AbstractAutowireCapableBeanFactory.doCreateBean(AbstractAutowireCapableBeanFactory.java:606) ~[spring-beans-6.2.9.jar:6.2.9]
	at org.springframework.beans.factory.support.AbstractAutowireCapableBeanFactory.createBean(AbstractAutowireCapableBeanFactory.java:529) ~[spring-beans-6.2.9.jar:6.2.9]
	at org.springframework.beans.factory.support.AbstractBeanFactory.lambda$doGetBean$0(AbstractBeanFactory.java:339) ~[spring-beans-6.2.9.jar:6.2.9]
	at org.springframework.beans.factory.support.DefaultSingletonBeanRegistry.getSingleton(DefaultSingletonBeanRegistry.java:373) ~[spring-beans-6.2.9.jar:6.2.9]
	at org.springframework.beans.factory.support.AbstractBeanFactory.doGetBean(AbstractBeanFactory.java:337) ~[spring-beans-6.2.9.jar:6.2.9]
	at org.springframework.beans.factory.support.AbstractBeanFactory.getBean(AbstractBeanFactory.java:202) ~[spring-beans-6.2.9.jar:6.2.9]
	at org.springframework.beans.factory.support.DefaultListableBeanFactory.doResolveDependency(DefaultListableBeanFactory.java:1683) ~[spring-beans-6.2.9.jar:6.2.9]
	at org.springframework.beans.factory.support.DefaultListableBeanFactory.resolveDependency(DefaultListableBeanFactory.java:1628) ~[spring-beans-6.2.9.jar:6.2.9]
	at org.springframework.beans.factory.annotation.AutowiredAnnotationBeanPostProcessor$AutowiredFieldElement.resolveFieldValue(AutowiredAnnotationBeanPostProcessor.java:785) ~[spring-beans-6.2.9.jar:6.2.9]
	at org.springframework.beans.factory.annotation.AutowiredAnnotationBeanPostProcessor$AutowiredFieldElement.inject(AutowiredAnnotationBeanPostProcessor.java:768) ~[spring-beans-6.2.9.jar:6.2.9]
	at org.springframework.beans.factory.annotation.InjectionMetadata.inject(InjectionMetadata.java:146) ~[spring-beans-6.2.9.jar:6.2.9]
	at org.springframework.beans.factory.annotation.AutowiredAnnotationBeanPostProcessor.postProcessProperties(AutowiredAnnotationBeanPostProcessor.java:509) ~[spring-beans-6.2.9.jar:6.2.9]
	at org.springframework.beans.factory.support.AbstractAutowireCapableBeanFactory.populateBean(AbstractAutowireCapableBeanFactory.java:1459) ~[spring-beans-6.2.9.jar:6.2.9]
	at org.springframework.beans.factory.support.AbstractAutowireCapableBeanFactory.doCreateBean(AbstractAutowireCapableBeanFactory.java:606) ~[spring-beans-6.2.9.jar:6.2.9]
	at org.springframework.beans.factory.support.AbstractAutowireCapableBeanFactory.createBean(AbstractAutowireCapableBeanFactory.java:529) ~[spring-beans-6.2.9.jar:6.2.9]
	at org.springframework.beans.factory.support.AbstractBeanFactory.lambda$doGetBean$0(AbstractBeanFactory.java:339) ~[spring-beans-6.2.9.jar:6.2.9]
	at org.springframework.beans.factory.support.DefaultSingletonBeanRegistry.getSingleton(DefaultSingletonBeanRegistry.java:373) ~[spring-beans-6.2.9.jar:6.2.9]
	at org.springframework.beans.factory.support.AbstractBeanFactory.doGetBean(AbstractBeanFactory.java:337) ~[spring-beans-6.2.9.jar:6.2.9]
	at org.springframework.beans.factory.support.AbstractBeanFactory.getBean(AbstractBeanFactory.java:207) ~[spring-beans-6.2.9.jar:6.2.9]
	at org.springframework.boot.web.servlet.ServletContextInitializerBeans.getOrderedBeansOfType(ServletContextInitializerBeans.java:230) ~[spring-boot-3.5.4.jar:3.5.4]
	at org.springframework.boot.web.servlet.ServletContextInitializerBeans.addAsRegistrationBean(ServletContextInitializerBeans.java:184) ~[spring-boot-3.5.4.jar:3.5.4]
	at org.springframework.boot.web.servlet.ServletContextInitializerBeans.addAsRegistrationBean(ServletContextInitializerBeans.java:179) ~[spring-boot-3.5.4.jar:3.5.4]
	at org.springframework.boot.web.servlet.ServletContextInitializerBeans.addAdaptableBeans(ServletContextInitializerBeans.java:164) ~[spring-boot-3.5.4.jar:3.5.4]
	at org.springframework.boot.web.servlet.ServletContextInitializerBeans.<init>(ServletContextInitializerBeans.java:96) ~[spring-boot-3.5.4.jar:3.5.4]
	at org.springframework.boot.web.servlet.context.ServletWebServerApplicationContext.getServletContextInitializerBeans(ServletWebServerApplicationContext.java:271) ~[spring-boot-3.5.4.jar:3.5.4]
	at org.springframework.boot.web.servlet.context.ServletWebServerApplicationContext.selfInitialize(ServletWebServerApplicationContext.java:245) ~[spring-boot-3.5.4.jar:3.5.4]
	at org.springframework.boot.web.embedded.tomcat.TomcatStarter.onStartup(TomcatStarter.java:52) ~[spring-boot-3.5.4.jar:3.5.4]
	at org.apache.catalina.core.StandardContext.startInternal(StandardContext.java:4464) ~[tomcat-embed-core-10.1.43.jar:10.1.43]
	at org.apache.catalina.util.LifecycleBase.start(LifecycleBase.java:164) ~[tomcat-embed-core-10.1.43.jar:10.1.43]
	at org.apache.catalina.core.ContainerBase$StartChild.call(ContainerBase.java:1203) ~[tomcat-embed-core-10.1.43.jar:10.1.43]
	at org.apache.catalina.core.ContainerBase$StartChild.call(ContainerBase.java:1193) ~[tomcat-embed-core-10.1.43.jar:10.1.43]
	at java.base/java.util.concurrent.FutureTask.run(FutureTask.java:264) ~[na:na]
	at org.apache.tomcat.util.threads.InlineExecutorService.execute(InlineExecutorService.java:75) ~[tomcat-embed-core-10.1.43.jar:10.1.43]
	at java.base/java.util.concurrent.AbstractExecutorService.submit(AbstractExecutorService.java:145) ~[na:na]
	at org.apache.catalina.core.ContainerBase.startInternal(ContainerBase.java:749) ~[tomcat-embed-core-10.1.43.jar:10.1.43]
	at org.apache.catalina.core.StandardHost.startInternal(StandardHost.java:772) ~[tomcat-embed-core-10.1.43.jar:10.1.43]
	at org.apache.catalina.util.LifecycleBase.start(LifecycleBase.java:164) ~[tomcat-embed-core-10.1.43.jar:10.1.43]
	at org.apache.catalina.core.ContainerBase$StartChild.call(ContainerBase.java:1203) ~[tomcat-embed-core-10.1.43.jar:10.1.43]
	at org.apache.catalina.core.ContainerBase$StartChild.call(ContainerBase.java:1193) ~[tomcat-embed-core-10.1.43.jar:10.1.43]
	at java.base/java.util.concurrent.FutureTask.run(FutureTask.java:264) ~[na:na]
	at org.apache.tomcat.util.threads.InlineExecutorService.execute(InlineExecutorService.java:75) ~[tomcat-embed-core-10.1.43.jar:10.1.43]
	at java.base/java.util.concurrent.AbstractExecutorService.submit(AbstractExecutorService.java:145) ~[na:na]
	at org.apache.catalina.core.ContainerBase.startInternal(ContainerBase.java:749) ~[tomcat-embed-core-10.1.43.jar:10.1.43]
	at org.apache.catalina.core.StandardEngine.startInternal(StandardEngine.java:203) ~[tomcat-embed-core-10.1.43.jar:10.1.43]
	at org.apache.catalina.util.LifecycleBase.start(LifecycleBase.java:164) ~[tomcat-embed-core-10.1.43.jar:10.1.43]
	at org.apache.catalina.core.StandardService.startInternal(StandardService.java:412) ~[tomcat-embed-core-10.1.43.jar:10.1.43]
	at org.apache.catalina.util.LifecycleBase.start(LifecycleBase.java:164) ~[tomcat-embed-core-10.1.43.jar:10.1.43]
	at org.apache.catalina.core.StandardServer.startInternal(StandardServer.java:870) ~[tomcat-embed-core-10.1.43.jar:10.1.43]
	at org.apache.catalina.util.LifecycleBase.start(LifecycleBase.java:164) ~[tomcat-embed-core-10.1.43.jar:10.1.43]
	at org.apache.catalina.startup.Tomcat.start(Tomcat.java:438) ~[tomcat-embed-core-10.1.43.jar:10.1.43]
	at org.springframework.boot.web.embedded.tomcat.TomcatWebServer.initialize(TomcatWebServer.java:128) ~[spring-boot-3.5.4.jar:3.5.4]
	at org.springframework.boot.web.embedded.tomcat.TomcatWebServer.<init>(TomcatWebServer.java:107) ~[spring-boot-3.5.4.jar:3.5.4]
	at org.springframework.boot.web.embedded.tomcat.TomcatServletWebServerFactory.getTomcatWebServer(TomcatServletWebServerFactory.java:517) ~[spring-boot-3.5.4.jar:3.5.4]
	at org.springframework.boot.web.embedded.tomcat.TomcatServletWebServerFactory.getWebServer(TomcatServletWebServerFactory.java:219) ~[spring-boot-3.5.4.jar:3.5.4]
	at org.springframework.boot.web.servlet.context.ServletWebServerApplicationContext.createWebServer(ServletWebServerApplicationContext.java:193) ~[spring-boot-3.5.4.jar:3.5.4]
	at org.springframework.boot.web.servlet.context.ServletWebServerApplicationContext.onRefresh(ServletWebServerApplicationContext.java:167) ~[spring-boot-3.5.4.jar:3.5.4]
	at org.springframework.context.support.AbstractApplicationContext.refresh(AbstractApplicationContext.java:621) ~[spring-context-6.2.9.jar:6.2.9]
	at org.springframework.boot.web.servlet.context.ServletWebServerApplicationContext.refresh(ServletWebServerApplicationContext.java:146) ~[spring-boot-3.5.4.jar:3.5.4]
	at org.springframework.boot.SpringApplication.refresh(SpringApplication.java:752) ~[spring-boot-3.5.4.jar:3.5.4]
	at org.springframework.boot.SpringApplication.refreshContext(SpringApplication.java:439) ~[spring-boot-3.5.4.jar:3.5.4]
	at org.springframework.boot.SpringApplication.run(SpringApplication.java:318) ~[spring-boot-3.5.4.jar:3.5.4]
	at org.springframework.boot.SpringApplication.run(SpringApplication.java:1361) ~[spring-boot-3.5.4.jar:3.5.4]
	at org.springframework.boot.SpringApplication.run(SpringApplication.java:1350) ~[spring-boot-3.5.4.jar:3.5.4]
	at com.example.hotel_inventory.HotelInventoryApplication.main(HotelInventoryApplication.java:10) ~[classes/:na]
Caused by: java.sql.SQLSyntaxErrorException: Table 'hotel_inventory.inspection_items' doesn't exist
	at com.mysql.cj.jdbc.exceptions.SQLError.createSQLException(SQLError.java:112) ~[mysql-connector-j-9.3.0.jar:9.3.0]
	at com.mysql.cj.jdbc.exceptions.SQLExceptionsMapping.translateException(SQLExceptionsMapping.java:114) ~[mysql-connector-j-9.3.0.jar:9.3.0]
	at com.mysql.cj.jdbc.StatementImpl.executeInternal(StatementImpl.java:837) ~[mysql-connector-j-9.3.0.jar:9.3.0]
	at com.mysql.cj.jdbc.StatementImpl.execute(StatementImpl.java:685) ~[mysql-connector-j-9.3.0.jar:9.3.0]
	at com.zaxxer.hikari.pool.ProxyStatement.execute(ProxyStatement.java:95) ~[HikariCP-6.3.1.jar:na]
	at com.zaxxer.hikari.pool.HikariProxyStatement.execute(HikariProxyStatement.java) ~[HikariCP-6.3.1.jar:na]
	at org.hibernate.tool.schema.internal.exec.GenerationTargetToDatabase.accept(GenerationTargetToDatabase.java:80) ~[hibernate-core-6.6.22.Final.jar:6.6.22.Final]
	... 110 common frames omitted

2025-08-26T12:53:11.659+05:30 DEBUG 9676 --- [hotel-inventory] [           main] org.hibernate.SQL                        : 
    alter table inspections 
       drop 
       foreign key FKqkqo95y0pminpdauc8c5h0qmf
Hibernate: 
    alter table inspections 
       drop 
       foreign key FKqkqo95y0pminpdauc8c5h0qmf
2025-08-26T12:53:11.661+05:30  WARN 9676 --- [hotel-inventory] [           main] o.h.t.s.i.ExceptionHandlerLoggedImpl     : GenerationTarget encountered exception accepting command : Error executing DDL "
    alter table inspections 
       drop 
       foreign key FKqkqo95y0pminpdauc8c5h0qmf" via JDBC [Table 'hotel_inventory.inspections' doesn't exist]

org.hibernate.tool.schema.spi.CommandAcceptanceException: Error executing DDL "
    alter table inspections 
       drop 
       foreign key FKqkqo95y0pminpdauc8c5h0qmf" via JDBC [Table 'hotel_inventory.inspections' doesn't exist]
	at org.hibernate.tool.schema.internal.exec.GenerationTargetToDatabase.accept(GenerationTargetToDatabase.java:94) ~[hibernate-core-6.6.22.Final.jar:6.6.22.Final]
	at org.hibernate.tool.schema.internal.Helper.applySqlString(Helper.java:233) ~[hibernate-core-6.6.22.Final.jar:6.6.22.Final]
	at org.hibernate.tool.schema.internal.Helper.applySqlStrings(Helper.java:217) ~[hibernate-core-6.6.22.Final.jar:6.6.22.Final]
	at org.hibernate.tool.schema.internal.SchemaDropperImpl.applyConstraintDropping(SchemaDropperImpl.java:479) ~[hibernate-core-6.6.22.Final.jar:6.6.22.Final]
	at org.hibernate.tool.schema.internal.SchemaDropperImpl.dropConstraintsTablesSequences(SchemaDropperImpl.java:245) ~[hibernate-core-6.6.22.Final.jar:6.6.22.Final]
	at org.hibernate.tool.schema.internal.SchemaDropperImpl.dropFromMetadata(SchemaDropperImpl.java:218) ~[hibernate-core-6.6.22.Final.jar:6.6.22.Final]
	at org.hibernate.tool.schema.internal.SchemaDropperImpl.performDrop(SchemaDropperImpl.java:186) ~[hibernate-core-6.6.22.Final.jar:6.6.22.Final]
	at org.hibernate.tool.schema.internal.SchemaDropperImpl.doDrop(SchemaDropperImpl.java:156) ~[hibernate-core-6.6.22.Final.jar:6.6.22.Final]
	at org.hibernate.tool.schema.internal.SchemaDropperImpl.doDrop(SchemaDropperImpl.java:116) ~[hibernate-core-6.6.22.Final.jar:6.6.22.Final]
	at org.hibernate.tool.schema.spi.SchemaManagementToolCoordinator.performDatabaseAction(SchemaManagementToolCoordinator.java:238) ~[hibernate-core-6.6.22.Final.jar:6.6.22.Final]
	at org.hibernate.tool.schema.spi.SchemaManagementToolCoordinator.lambda$process$5(SchemaManagementToolCoordinator.java:144) ~[hibernate-core-6.6.22.Final.jar:6.6.22.Final]
	at java.base/java.util.HashMap.forEach(HashMap.java:1421) ~[na:na]
	at org.hibernate.tool.schema.spi.SchemaManagementToolCoordinator.process(SchemaManagementToolCoordinator.java:141) ~[hibernate-core-6.6.22.Final.jar:6.6.22.Final]
	at org.hibernate.boot.internal.SessionFactoryObserverForSchemaExport.sessionFactoryCreated(SessionFactoryObserverForSchemaExport.java:37) ~[hibernate-core-6.6.22.Final.jar:6.6.22.Final]
	at org.hibernate.internal.SessionFactoryObserverChain.sessionFactoryCreated(SessionFactoryObserverChain.java:35) ~[hibernate-core-6.6.22.Final.jar:6.6.22.Final]
	at org.hibernate.internal.SessionFactoryImpl.<init>(SessionFactoryImpl.java:324) ~[hibernate-core-6.6.22.Final.jar:6.6.22.Final]
	at org.hibernate.boot.internal.SessionFactoryBuilderImpl.build(SessionFactoryBuilderImpl.java:463) ~[hibernate-core-6.6.22.Final.jar:6.6.22.Final]
	at org.hibernate.jpa.boot.internal.EntityManagerFactoryBuilderImpl.build(EntityManagerFactoryBuilderImpl.java:1517) ~[hibernate-core-6.6.22.Final.jar:6.6.22.Final]
	at org.springframework.orm.jpa.vendor.SpringHibernateJpaPersistenceProvider.createContainerEntityManagerFactory(SpringHibernateJpaPersistenceProvider.java:66) ~[spring-orm-6.2.9.jar:6.2.9]
	at org.springframework.orm.jpa.LocalContainerEntityManagerFactoryBean.createNativeEntityManagerFactory(LocalContainerEntityManagerFactoryBean.java:390) ~[spring-orm-6.2.9.jar:6.2.9]
	at org.springframework.orm.jpa.AbstractEntityManagerFactoryBean.buildNativeEntityManagerFactory(AbstractEntityManagerFactoryBean.java:419) ~[spring-orm-6.2.9.jar:6.2.9]
	at org.springframework.orm.jpa.AbstractEntityManagerFactoryBean.afterPropertiesSet(AbstractEntityManagerFactoryBean.java:400) ~[spring-orm-6.2.9.jar:6.2.9]
	at org.springframework.orm.jpa.LocalContainerEntityManagerFactoryBean.afterPropertiesSet(LocalContainerEntityManagerFactoryBean.java:366) ~[spring-orm-6.2.9.jar:6.2.9]
	at org.springframework.beans.factory.support.AbstractAutowireCapableBeanFactory.invokeInitMethods(AbstractAutowireCapableBeanFactory.java:1873) ~[spring-beans-6.2.9.jar:6.2.9]
	at org.springframework.beans.factory.support.AbstractAutowireCapableBeanFactory.initializeBean(AbstractAutowireCapableBeanFactory.java:1822) ~[spring-beans-6.2.9.jar:6.2.9]
	at org.springframework.beans.factory.support.AbstractAutowireCapableBeanFactory.doCreateBean(AbstractAutowireCapableBeanFactory.java:607) ~[spring-beans-6.2.9.jar:6.2.9]
	at org.springframework.beans.factory.support.AbstractAutowireCapableBeanFactory.createBean(AbstractAutowireCapableBeanFactory.java:529) ~[spring-beans-6.2.9.jar:6.2.9]
	at org.springframework.beans.factory.support.AbstractBeanFactory.lambda$doGetBean$0(AbstractBeanFactory.java:339) ~[spring-beans-6.2.9.jar:6.2.9]
	at org.springframework.beans.factory.support.DefaultSingletonBeanRegistry.getSingleton(DefaultSingletonBeanRegistry.java:373) ~[spring-beans-6.2.9.jar:6.2.9]
	at org.springframework.beans.factory.support.AbstractBeanFactory.doGetBean(AbstractBeanFactory.java:337) ~[spring-beans-6.2.9.jar:6.2.9]
	at org.springframework.beans.factory.support.AbstractBeanFactory.getBean(AbstractBeanFactory.java:202) ~[spring-beans-6.2.9.jar:6.2.9]
	at org.springframework.beans.factory.support.BeanDefinitionValueResolver.resolveReference(BeanDefinitionValueResolver.java:365) ~[spring-beans-6.2.9.jar:6.2.9]
	at org.springframework.beans.factory.support.BeanDefinitionValueResolver.resolveValueIfNecessary(BeanDefinitionValueResolver.java:135) ~[spring-beans-6.2.9.jar:6.2.9]
	at org.springframework.beans.factory.support.ConstructorResolver.resolveConstructorArguments(ConstructorResolver.java:691) ~[spring-beans-6.2.9.jar:6.2.9]
	at org.springframework.beans.factory.support.ConstructorResolver.instantiateUsingFactoryMethod(ConstructorResolver.java:513) ~[spring-beans-6.2.9.jar:6.2.9]
	at org.springframework.beans.factory.support.AbstractAutowireCapableBeanFactory.instantiateUsingFactoryMethod(AbstractAutowireCapableBeanFactory.java:1375) ~[spring-beans-6.2.9.jar:6.2.9]
	at org.springframework.beans.factory.support.AbstractAutowireCapableBeanFactory.createBeanInstance(AbstractAutowireCapableBeanFactory.java:1205) ~[spring-beans-6.2.9.jar:6.2.9]
	at org.springframework.beans.factory.support.AbstractAutowireCapableBeanFactory.doCreateBean(AbstractAutowireCapableBeanFactory.java:569) ~[spring-beans-6.2.9.jar:6.2.9]
	at org.springframework.beans.factory.support.AbstractAutowireCapableBeanFactory.createBean(AbstractAutowireCapableBeanFactory.java:529) ~[spring-beans-6.2.9.jar:6.2.9]
	at org.springframework.beans.factory.support.AbstractBeanFactory.lambda$doGetBean$0(AbstractBeanFactory.java:339) ~[spring-beans-6.2.9.jar:6.2.9]
	at org.springframework.beans.factory.support.DefaultSingletonBeanRegistry.getSingleton(DefaultSingletonBeanRegistry.java:373) ~[spring-beans-6.2.9.jar:6.2.9]
	at org.springframework.beans.factory.support.AbstractBeanFactory.doGetBean(AbstractBeanFactory.java:337) ~[spring-beans-6.2.9.jar:6.2.9]
	at org.springframework.beans.factory.support.AbstractBeanFactory.getBean(AbstractBeanFactory.java:202) ~[spring-beans-6.2.9.jar:6.2.9]
	at org.springframework.beans.factory.support.BeanDefinitionValueResolver.resolveReference(BeanDefinitionValueResolver.java:365) ~[spring-beans-6.2.9.jar:6.2.9]
	at org.springframework.beans.factory.support.BeanDefinitionValueResolver.resolveValueIfNecessary(BeanDefinitionValueResolver.java:135) ~[spring-beans-6.2.9.jar:6.2.9]
	at org.springframework.beans.factory.support.AbstractAutowireCapableBeanFactory.applyPropertyValues(AbstractAutowireCapableBeanFactory.java:1725) ~[spring-beans-6.2.9.jar:6.2.9]
	at org.springframework.beans.factory.support.AbstractAutowireCapableBeanFactory.populateBean(AbstractAutowireCapableBeanFactory.java:1474) ~[spring-beans-6.2.9.jar:6.2.9]
	at org.springframework.beans.factory.support.AbstractAutowireCapableBeanFactory.doCreateBean(AbstractAutowireCapableBeanFactory.java:606) ~[spring-beans-6.2.9.jar:6.2.9]
	at org.springframework.beans.factory.support.AbstractAutowireCapableBeanFactory.createBean(AbstractAutowireCapableBeanFactory.java:529) ~[spring-beans-6.2.9.jar:6.2.9]
	at org.springframework.beans.factory.support.AbstractBeanFactory.lambda$doGetBean$0(AbstractBeanFactory.java:339) ~[spring-beans-6.2.9.jar:6.2.9]
	at org.springframework.beans.factory.support.DefaultSingletonBeanRegistry.getSingleton(DefaultSingletonBeanRegistry.java:373) ~[spring-beans-6.2.9.jar:6.2.9]
	at org.springframework.beans.factory.support.AbstractBeanFactory.doGetBean(AbstractBeanFactory.java:337) ~[spring-beans-6.2.9.jar:6.2.9]
	at org.springframework.beans.factory.support.AbstractBeanFactory.getBean(AbstractBeanFactory.java:202) ~[spring-beans-6.2.9.jar:6.2.9]
	at org.springframework.beans.factory.support.DefaultListableBeanFactory.doResolveDependency(DefaultListableBeanFactory.java:1683) ~[spring-beans-6.2.9.jar:6.2.9]
	at org.springframework.beans.factory.support.DefaultListableBeanFactory.resolveDependency(DefaultListableBeanFactory.java:1628) ~[spring-beans-6.2.9.jar:6.2.9]
	at org.springframework.beans.factory.annotation.AutowiredAnnotationBeanPostProcessor$AutowiredFieldElement.resolveFieldValue(AutowiredAnnotationBeanPostProcessor.java:785) ~[spring-beans-6.2.9.jar:6.2.9]
	at org.springframework.beans.factory.annotation.AutowiredAnnotationBeanPostProcessor$AutowiredFieldElement.inject(AutowiredAnnotationBeanPostProcessor.java:768) ~[spring-beans-6.2.9.jar:6.2.9]
	at org.springframework.beans.factory.annotation.InjectionMetadata.inject(InjectionMetadata.java:146) ~[spring-beans-6.2.9.jar:6.2.9]
	at org.springframework.beans.factory.annotation.AutowiredAnnotationBeanPostProcessor.postProcessProperties(AutowiredAnnotationBeanPostProcessor.java:509) ~[spring-beans-6.2.9.jar:6.2.9]
	at org.springframework.beans.factory.support.AbstractAutowireCapableBeanFactory.populateBean(AbstractAutowireCapableBeanFactory.java:1459) ~[spring-beans-6.2.9.jar:6.2.9]
	at org.springframework.beans.factory.support.AbstractAutowireCapableBeanFactory.doCreateBean(AbstractAutowireCapableBeanFactory.java:606) ~[spring-beans-6.2.9.jar:6.2.9]
	at org.springframework.beans.factory.support.AbstractAutowireCapableBeanFactory.createBean(AbstractAutowireCapableBeanFactory.java:529) ~[spring-beans-6.2.9.jar:6.2.9]
	at org.springframework.beans.factory.support.AbstractBeanFactory.lambda$doGetBean$0(AbstractBeanFactory.java:339) ~[spring-beans-6.2.9.jar:6.2.9]
	at org.springframework.beans.factory.support.DefaultSingletonBeanRegistry.getSingleton(DefaultSingletonBeanRegistry.java:373) ~[spring-beans-6.2.9.jar:6.2.9]
	at org.springframework.beans.factory.support.AbstractBeanFactory.doGetBean(AbstractBeanFactory.java:337) ~[spring-beans-6.2.9.jar:6.2.9]
	at org.springframework.beans.factory.support.AbstractBeanFactory.getBean(AbstractBeanFactory.java:207) ~[spring-beans-6.2.9.jar:6.2.9]
	at org.springframework.boot.web.servlet.ServletContextInitializerBeans.getOrderedBeansOfType(ServletContextInitializerBeans.java:230) ~[spring-boot-3.5.4.jar:3.5.4]
	at org.springframework.boot.web.servlet.ServletContextInitializerBeans.addAsRegistrationBean(ServletContextInitializerBeans.java:184) ~[spring-boot-3.5.4.jar:3.5.4]
	at org.springframework.boot.web.servlet.ServletContextInitializerBeans.addAsRegistrationBean(ServletContextInitializerBeans.java:179) ~[spring-boot-3.5.4.jar:3.5.4]
	at org.springframework.boot.web.servlet.ServletContextInitializerBeans.addAdaptableBeans(ServletContextInitializerBeans.java:164) ~[spring-boot-3.5.4.jar:3.5.4]
	at org.springframework.boot.web.servlet.ServletContextInitializerBeans.<init>(ServletContextInitializerBeans.java:96) ~[spring-boot-3.5.4.jar:3.5.4]
	at org.springframework.boot.web.servlet.context.ServletWebServerApplicationContext.getServletContextInitializerBeans(ServletWebServerApplicationContext.java:271) ~[spring-boot-3.5.4.jar:3.5.4]
	at org.springframework.boot.web.servlet.context.ServletWebServerApplicationContext.selfInitialize(ServletWebServerApplicationContext.java:245) ~[spring-boot-3.5.4.jar:3.5.4]
	at org.springframework.boot.web.embedded.tomcat.TomcatStarter.onStartup(TomcatStarter.java:52) ~[spring-boot-3.5.4.jar:3.5.4]
	at org.apache.catalina.core.StandardContext.startInternal(StandardContext.java:4464) ~[tomcat-embed-core-10.1.43.jar:10.1.43]
	at org.apache.catalina.util.LifecycleBase.start(LifecycleBase.java:164) ~[tomcat-embed-core-10.1.43.jar:10.1.43]
	at org.apache.catalina.core.ContainerBase$StartChild.call(ContainerBase.java:1203) ~[tomcat-embed-core-10.1.43.jar:10.1.43]
	at org.apache.catalina.core.ContainerBase$StartChild.call(ContainerBase.java:1193) ~[tomcat-embed-core-10.1.43.jar:10.1.43]
	at java.base/java.util.concurrent.FutureTask.run(FutureTask.java:264) ~[na:na]
	at org.apache.tomcat.util.threads.InlineExecutorService.execute(InlineExecutorService.java:75) ~[tomcat-embed-core-10.1.43.jar:10.1.43]
	at java.base/java.util.concurrent.AbstractExecutorService.submit(AbstractExecutorService.java:145) ~[na:na]
	at org.apache.catalina.core.ContainerBase.startInternal(ContainerBase.java:749) ~[tomcat-embed-core-10.1.43.jar:10.1.43]
	at org.apache.catalina.core.StandardHost.startInternal(StandardHost.java:772) ~[tomcat-embed-core-10.1.43.jar:10.1.43]
	at org.apache.catalina.util.LifecycleBase.start(LifecycleBase.java:164) ~[tomcat-embed-core-10.1.43.jar:10.1.43]
	at org.apache.catalina.core.ContainerBase$StartChild.call(ContainerBase.java:1203) ~[tomcat-embed-core-10.1.43.jar:10.1.43]
	at org.apache.catalina.core.ContainerBase$StartChild.call(ContainerBase.java:1193) ~[tomcat-embed-core-10.1.43.jar:10.1.43]
	at java.base/java.util.concurrent.FutureTask.run(FutureTask.java:264) ~[na:na]
	at org.apache.tomcat.util.threads.InlineExecutorService.execute(InlineExecutorService.java:75) ~[tomcat-embed-core-10.1.43.jar:10.1.43]
	at java.base/java.util.concurrent.AbstractExecutorService.submit(AbstractExecutorService.java:145) ~[na:na]
	at org.apache.catalina.core.ContainerBase.startInternal(ContainerBase.java:749) ~[tomcat-embed-core-10.1.43.jar:10.1.43]
	at org.apache.catalina.core.StandardEngine.startInternal(StandardEngine.java:203) ~[tomcat-embed-core-10.1.43.jar:10.1.43]
	at org.apache.catalina.util.LifecycleBase.start(LifecycleBase.java:164) ~[tomcat-embed-core-10.1.43.jar:10.1.43]
	at org.apache.catalina.core.StandardService.startInternal(StandardService.java:412) ~[tomcat-embed-core-10.1.43.jar:10.1.43]
	at org.apache.catalina.util.LifecycleBase.start(LifecycleBase.java:164) ~[tomcat-embed-core-10.1.43.jar:10.1.43]
	at org.apache.catalina.core.StandardServer.startInternal(StandardServer.java:870) ~[tomcat-embed-core-10.1.43.jar:10.1.43]
	at org.apache.catalina.util.LifecycleBase.start(LifecycleBase.java:164) ~[tomcat-embed-core-10.1.43.jar:10.1.43]
	at org.apache.catalina.startup.Tomcat.start(Tomcat.java:438) ~[tomcat-embed-core-10.1.43.jar:10.1.43]
	at org.springframework.boot.web.embedded.tomcat.TomcatWebServer.initialize(TomcatWebServer.java:128) ~[spring-boot-3.5.4.jar:3.5.4]
	at org.springframework.boot.web.embedded.tomcat.TomcatWebServer.<init>(TomcatWebServer.java:107) ~[spring-boot-3.5.4.jar:3.5.4]
	at org.springframework.boot.web.embedded.tomcat.TomcatServletWebServerFactory.getTomcatWebServer(TomcatServletWebServerFactory.java:517) ~[spring-boot-3.5.4.jar:3.5.4]
	at org.springframework.boot.web.embedded.tomcat.TomcatServletWebServerFactory.getWebServer(TomcatServletWebServerFactory.java:219) ~[spring-boot-3.5.4.jar:3.5.4]
	at org.springframework.boot.web.servlet.context.ServletWebServerApplicationContext.createWebServer(ServletWebServerApplicationContext.java:193) ~[spring-boot-3.5.4.jar:3.5.4]
	at org.springframework.boot.web.servlet.context.ServletWebServerApplicationContext.onRefresh(ServletWebServerApplicationContext.java:167) ~[spring-boot-3.5.4.jar:3.5.4]
	at org.springframework.context.support.AbstractApplicationContext.refresh(AbstractApplicationContext.java:621) ~[spring-context-6.2.9.jar:6.2.9]
	at org.springframework.boot.web.servlet.context.ServletWebServerApplicationContext.refresh(ServletWebServerApplicationContext.java:146) ~[spring-boot-3.5.4.jar:3.5.4]
	at org.springframework.boot.SpringApplication.refresh(SpringApplication.java:752) ~[spring-boot-3.5.4.jar:3.5.4]
	at org.springframework.boot.SpringApplication.refreshContext(SpringApplication.java:439) ~[spring-boot-3.5.4.jar:3.5.4]
	at org.springframework.boot.SpringApplication.run(SpringApplication.java:318) ~[spring-boot-3.5.4.jar:3.5.4]
	at org.springframework.boot.SpringApplication.run(SpringApplication.java:1361) ~[spring-boot-3.5.4.jar:3.5.4]
	at org.springframework.boot.SpringApplication.run(SpringApplication.java:1350) ~[spring-boot-3.5.4.jar:3.5.4]
	at com.example.hotel_inventory.HotelInventoryApplication.main(HotelInventoryApplication.java:10) ~[classes/:na]
Caused by: java.sql.SQLSyntaxErrorException: Table 'hotel_inventory.inspections' doesn't exist
	at com.mysql.cj.jdbc.exceptions.SQLError.createSQLException(SQLError.java:112) ~[mysql-connector-j-9.3.0.jar:9.3.0]
	at com.mysql.cj.jdbc.exceptions.SQLExceptionsMapping.translateException(SQLExceptionsMapping.java:114) ~[mysql-connector-j-9.3.0.jar:9.3.0]
	at com.mysql.cj.jdbc.StatementImpl.executeInternal(StatementImpl.java:837) ~[mysql-connector-j-9.3.0.jar:9.3.0]
	at com.mysql.cj.jdbc.StatementImpl.execute(StatementImpl.java:685) ~[mysql-connector-j-9.3.0.jar:9.3.0]
	at com.zaxxer.hikari.pool.ProxyStatement.execute(ProxyStatement.java:95) ~[HikariCP-6.3.1.jar:na]
	at com.zaxxer.hikari.pool.HikariProxyStatement.execute(HikariProxyStatement.java) ~[HikariCP-6.3.1.jar:na]
	at org.hibernate.tool.schema.internal.exec.GenerationTargetToDatabase.accept(GenerationTargetToDatabase.java:80) ~[hibernate-core-6.6.22.Final.jar:6.6.22.Final]
	... 110 common frames omitted

2025-08-26T12:53:11.664+05:30 DEBUG 9676 --- [hotel-inventory] [           main] org.hibernate.SQL                        : 
    alter table inventory_items 
       drop 
       foreign key FKc027vgjxs99hcmjnl8y5me7nm
Hibernate: 
    alter table inventory_items 
       drop 
       foreign key FKc027vgjxs99hcmjnl8y5me7nm
2025-08-26T12:53:11.664+05:30  WARN 9676 --- [hotel-inventory] [           main] o.h.t.s.i.ExceptionHandlerLoggedImpl     : GenerationTarget encountered exception accepting command : Error executing DDL "
    alter table inventory_items 
       drop 
       foreign key FKc027vgjxs99hcmjnl8y5me7nm" via JDBC [Table 'hotel_inventory.inventory_items' doesn't exist]

org.hibernate.tool.schema.spi.CommandAcceptanceException: Error executing DDL "
    alter table inventory_items 
       drop 
       foreign key FKc027vgjxs99hcmjnl8y5me7nm" via JDBC [Table 'hotel_inventory.inventory_items' doesn't exist]
	at org.hibernate.tool.schema.internal.exec.GenerationTargetToDatabase.accept(GenerationTargetToDatabase.java:94) ~[hibernate-core-6.6.22.Final.jar:6.6.22.Final]
	at org.hibernate.tool.schema.internal.Helper.applySqlString(Helper.java:233) ~[hibernate-core-6.6.22.Final.jar:6.6.22.Final]
	at org.hibernate.tool.schema.internal.Helper.applySqlStrings(Helper.java:217) ~[hibernate-core-6.6.22.Final.jar:6.6.22.Final]
	at org.hibernate.tool.schema.internal.SchemaDropperImpl.applyConstraintDropping(SchemaDropperImpl.java:479) ~[hibernate-core-6.6.22.Final.jar:6.6.22.Final]
	at org.hibernate.tool.schema.internal.SchemaDropperImpl.dropConstraintsTablesSequences(SchemaDropperImpl.java:245) ~[hibernate-core-6.6.22.Final.jar:6.6.22.Final]
	at org.hibernate.tool.schema.internal.SchemaDropperImpl.dropFromMetadata(SchemaDropperImpl.java:218) ~[hibernate-core-6.6.22.Final.jar:6.6.22.Final]
	at org.hibernate.tool.schema.internal.SchemaDropperImpl.performDrop(SchemaDropperImpl.java:186) ~[hibernate-core-6.6.22.Final.jar:6.6.22.Final]
	at org.hibernate.tool.schema.internal.SchemaDropperImpl.doDrop(SchemaDropperImpl.java:156) ~[hibernate-core-6.6.22.Final.jar:6.6.22.Final]
	at org.hibernate.tool.schema.internal.SchemaDropperImpl.doDrop(SchemaDropperImpl.java:116) ~[hibernate-core-6.6.22.Final.jar:6.6.22.Final]
	at org.hibernate.tool.schema.spi.SchemaManagementToolCoordinator.performDatabaseAction(SchemaManagementToolCoordinator.java:238) ~[hibernate-core-6.6.22.Final.jar:6.6.22.Final]
	at org.hibernate.tool.schema.spi.SchemaManagementToolCoordinator.lambda$process$5(SchemaManagementToolCoordinator.java:144) ~[hibernate-core-6.6.22.Final.jar:6.6.22.Final]
	at java.base/java.util.HashMap.forEach(HashMap.java:1421) ~[na:na]
	at org.hibernate.tool.schema.spi.SchemaManagementToolCoordinator.process(SchemaManagementToolCoordinator.java:141) ~[hibernate-core-6.6.22.Final.jar:6.6.22.Final]
	at org.hibernate.boot.internal.SessionFactoryObserverForSchemaExport.sessionFactoryCreated(SessionFactoryObserverForSchemaExport.java:37) ~[hibernate-core-6.6.22.Final.jar:6.6.22.Final]
	at org.hibernate.internal.SessionFactoryObserverChain.sessionFactoryCreated(SessionFactoryObserverChain.java:35) ~[hibernate-core-6.6.22.Final.jar:6.6.22.Final]
	at org.hibernate.internal.SessionFactoryImpl.<init>(SessionFactoryImpl.java:324) ~[hibernate-core-6.6.22.Final.jar:6.6.22.Final]
	at org.hibernate.boot.internal.SessionFactoryBuilderImpl.build(SessionFactoryBuilderImpl.java:463) ~[hibernate-core-6.6.22.Final.jar:6.6.22.Final]
	at org.hibernate.jpa.boot.internal.EntityManagerFactoryBuilderImpl.build(EntityManagerFactoryBuilderImpl.java:1517) ~[hibernate-core-6.6.22.Final.jar:6.6.22.Final]
	at org.springframework.orm.jpa.vendor.SpringHibernateJpaPersistenceProvider.createContainerEntityManagerFactory(SpringHibernateJpaPersistenceProvider.java:66) ~[spring-orm-6.2.9.jar:6.2.9]
	at org.springframework.orm.jpa.LocalContainerEntityManagerFactoryBean.createNativeEntityManagerFactory(LocalContainerEntityManagerFactoryBean.java:390) ~[spring-orm-6.2.9.jar:6.2.9]
	at org.springframework.orm.jpa.AbstractEntityManagerFactoryBean.buildNativeEntityManagerFactory(AbstractEntityManagerFactoryBean.java:419) ~[spring-orm-6.2.9.jar:6.2.9]
	at org.springframework.orm.jpa.AbstractEntityManagerFactoryBean.afterPropertiesSet(AbstractEntityManagerFactoryBean.java:400) ~[spring-orm-6.2.9.jar:6.2.9]
	at org.springframework.orm.jpa.LocalContainerEntityManagerFactoryBean.afterPropertiesSet(LocalContainerEntityManagerFactoryBean.java:366) ~[spring-orm-6.2.9.jar:6.2.9]
	at org.springframework.beans.factory.support.AbstractAutowireCapableBeanFactory.invokeInitMethods(AbstractAutowireCapableBeanFactory.java:1873) ~[spring-beans-6.2.9.jar:6.2.9]
	at org.springframework.beans.factory.support.AbstractAutowireCapableBeanFactory.initializeBean(AbstractAutowireCapableBeanFactory.java:1822) ~[spring-beans-6.2.9.jar:6.2.9]
	at org.springframework.beans.factory.support.AbstractAutowireCapableBeanFactory.doCreateBean(AbstractAutowireCapableBeanFactory.java:607) ~[spring-beans-6.2.9.jar:6.2.9]
	at org.springframework.beans.factory.support.AbstractAutowireCapableBeanFactory.createBean(AbstractAutowireCapableBeanFactory.java:529) ~[spring-beans-6.2.9.jar:6.2.9]
	at org.springframework.beans.factory.support.AbstractBeanFactory.lambda$doGetBean$0(AbstractBeanFactory.java:339) ~[spring-beans-6.2.9.jar:6.2.9]
	at org.springframework.beans.factory.support.DefaultSingletonBeanRegistry.getSingleton(DefaultSingletonBeanRegistry.java:373) ~[spring-beans-6.2.9.jar:6.2.9]
	at org.springframework.beans.factory.support.AbstractBeanFactory.doGetBean(AbstractBeanFactory.java:337) ~[spring-beans-6.2.9.jar:6.2.9]
	at org.springframework.beans.factory.support.AbstractBeanFactory.getBean(AbstractBeanFactory.java:202) ~[spring-beans-6.2.9.jar:6.2.9]
	at org.springframework.beans.factory.support.BeanDefinitionValueResolver.resolveReference(BeanDefinitionValueResolver.java:365) ~[spring-beans-6.2.9.jar:6.2.9]
	at org.springframework.beans.factory.support.BeanDefinitionValueResolver.resolveValueIfNecessary(BeanDefinitionValueResolver.java:135) ~[spring-beans-6.2.9.jar:6.2.9]
	at org.springframework.beans.factory.support.ConstructorResolver.resolveConstructorArguments(ConstructorResolver.java:691) ~[spring-beans-6.2.9.jar:6.2.9]
	at org.springframework.beans.factory.support.ConstructorResolver.instantiateUsingFactoryMethod(ConstructorResolver.java:513) ~[spring-beans-6.2.9.jar:6.2.9]
	at org.springframework.beans.factory.support.AbstractAutowireCapableBeanFactory.instantiateUsingFactoryMethod(AbstractAutowireCapableBeanFactory.java:1375) ~[spring-beans-6.2.9.jar:6.2.9]
	at org.springframework.beans.factory.support.AbstractAutowireCapableBeanFactory.createBeanInstance(AbstractAutowireCapableBeanFactory.java:1205) ~[spring-beans-6.2.9.jar:6.2.9]
	at org.springframework.beans.factory.support.AbstractAutowireCapableBeanFactory.doCreateBean(AbstractAutowireCapableBeanFactory.java:569) ~[spring-beans-6.2.9.jar:6.2.9]
	at org.springframework.beans.factory.support.AbstractAutowireCapableBeanFactory.createBean(AbstractAutowireCapableBeanFactory.java:529) ~[spring-beans-6.2.9.jar:6.2.9]
	at org.springframework.beans.factory.support.AbstractBeanFactory.lambda$doGetBean$0(AbstractBeanFactory.java:339) ~[spring-beans-6.2.9.jar:6.2.9]
	at org.springframework.beans.factory.support.DefaultSingletonBeanRegistry.getSingleton(DefaultSingletonBeanRegistry.java:373) ~[spring-beans-6.2.9.jar:6.2.9]
	at org.springframework.beans.factory.support.AbstractBeanFactory.doGetBean(AbstractBeanFactory.java:337) ~[spring-beans-6.2.9.jar:6.2.9]
	at org.springframework.beans.factory.support.AbstractBeanFactory.getBean(AbstractBeanFactory.java:202) ~[spring-beans-6.2.9.jar:6.2.9]
	at org.springframework.beans.factory.support.BeanDefinitionValueResolver.resolveReference(BeanDefinitionValueResolver.java:365) ~[spring-beans-6.2.9.jar:6.2.9]
	at org.springframework.beans.factory.support.BeanDefinitionValueResolver.resolveValueIfNecessary(BeanDefinitionValueResolver.java:135) ~[spring-beans-6.2.9.jar:6.2.9]
	at org.springframework.beans.factory.support.AbstractAutowireCapableBeanFactory.applyPropertyValues(AbstractAutowireCapableBeanFactory.java:1725) ~[spring-beans-6.2.9.jar:6.2.9]
	at org.springframework.beans.factory.support.AbstractAutowireCapableBeanFactory.populateBean(AbstractAutowireCapableBeanFactory.java:1474) ~[spring-beans-6.2.9.jar:6.2.9]
	at org.springframework.beans.factory.support.AbstractAutowireCapableBeanFactory.doCreateBean(AbstractAutowireCapableBeanFactory.java:606) ~[spring-beans-6.2.9.jar:6.2.9]
	at org.springframework.beans.factory.support.AbstractAutowireCapableBeanFactory.createBean(AbstractAutowireCapableBeanFactory.java:529) ~[spring-beans-6.2.9.jar:6.2.9]
	at org.springframework.beans.factory.support.AbstractBeanFactory.lambda$doGetBean$0(AbstractBeanFactory.java:339) ~[spring-beans-6.2.9.jar:6.2.9]
	at org.springframework.beans.factory.support.DefaultSingletonBeanRegistry.getSingleton(DefaultSingletonBeanRegistry.java:373) ~[spring-beans-6.2.9.jar:6.2.9]
	at org.springframework.beans.factory.support.AbstractBeanFactory.doGetBean(AbstractBeanFactory.java:337) ~[spring-beans-6.2.9.jar:6.2.9]
	at org.springframework.beans.factory.support.AbstractBeanFactory.getBean(AbstractBeanFactory.java:202) ~[spring-beans-6.2.9.jar:6.2.9]
	at org.springframework.beans.factory.support.DefaultListableBeanFactory.doResolveDependency(DefaultListableBeanFactory.java:1683) ~[spring-beans-6.2.9.jar:6.2.9]
	at org.springframework.beans.factory.support.DefaultListableBeanFactory.resolveDependency(DefaultListableBeanFactory.java:1628) ~[spring-beans-6.2.9.jar:6.2.9]
	at org.springframework.beans.factory.annotation.AutowiredAnnotationBeanPostProcessor$AutowiredFieldElement.resolveFieldValue(AutowiredAnnotationBeanPostProcessor.java:785) ~[spring-beans-6.2.9.jar:6.2.9]
	at org.springframework.beans.factory.annotation.AutowiredAnnotationBeanPostProcessor$AutowiredFieldElement.inject(AutowiredAnnotationBeanPostProcessor.java:768) ~[spring-beans-6.2.9.jar:6.2.9]
	at org.springframework.beans.factory.annotation.InjectionMetadata.inject(InjectionMetadata.java:146) ~[spring-beans-6.2.9.jar:6.2.9]
	at org.springframework.beans.factory.annotation.AutowiredAnnotationBeanPostProcessor.postProcessProperties(AutowiredAnnotationBeanPostProcessor.java:509) ~[spring-beans-6.2.9.jar:6.2.9]
	at org.springframework.beans.factory.support.AbstractAutowireCapableBeanFactory.populateBean(AbstractAutowireCapableBeanFactory.java:1459) ~[spring-beans-6.2.9.jar:6.2.9]
	at org.springframework.beans.factory.support.AbstractAutowireCapableBeanFactory.doCreateBean(AbstractAutowireCapableBeanFactory.java:606) ~[spring-beans-6.2.9.jar:6.2.9]
	at org.springframework.beans.factory.support.AbstractAutowireCapableBeanFactory.createBean(AbstractAutowireCapableBeanFactory.java:529) ~[spring-beans-6.2.9.jar:6.2.9]
	at org.springframework.beans.factory.support.AbstractBeanFactory.lambda$doGetBean$0(AbstractBeanFactory.java:339) ~[spring-beans-6.2.9.jar:6.2.9]
	at org.springframework.beans.factory.support.DefaultSingletonBeanRegistry.getSingleton(DefaultSingletonBeanRegistry.java:373) ~[spring-beans-6.2.9.jar:6.2.9]
	at org.springframework.beans.factory.support.AbstractBeanFactory.doGetBean(AbstractBeanFactory.java:337) ~[spring-beans-6.2.9.jar:6.2.9]
	at org.springframework.beans.factory.support.AbstractBeanFactory.getBean(AbstractBeanFactory.java:207) ~[spring-beans-6.2.9.jar:6.2.9]
	at org.springframework.boot.web.servlet.ServletContextInitializerBeans.getOrderedBeansOfType(ServletContextInitializerBeans.java:230) ~[spring-boot-3.5.4.jar:3.5.4]
	at org.springframework.boot.web.servlet.ServletContextInitializerBeans.addAsRegistrationBean(ServletContextInitializerBeans.java:184) ~[spring-boot-3.5.4.jar:3.5.4]
	at org.springframework.boot.web.servlet.ServletContextInitializerBeans.addAsRegistrationBean(ServletContextInitializerBeans.java:179) ~[spring-boot-3.5.4.jar:3.5.4]
	at org.springframework.boot.web.servlet.ServletContextInitializerBeans.addAdaptableBeans(ServletContextInitializerBeans.java:164) ~[spring-boot-3.5.4.jar:3.5.4]
	at org.springframework.boot.web.servlet.ServletContextInitializerBeans.<init>(ServletContextInitializerBeans.java:96) ~[spring-boot-3.5.4.jar:3.5.4]
	at org.springframework.boot.web.servlet.context.ServletWebServerApplicationContext.getServletContextInitializerBeans(ServletWebServerApplicationContext.java:271) ~[spring-boot-3.5.4.jar:3.5.4]
	at org.springframework.boot.web.servlet.context.ServletWebServerApplicationContext.selfInitialize(ServletWebServerApplicationContext.java:245) ~[spring-boot-3.5.4.jar:3.5.4]
	at org.springframework.boot.web.embedded.tomcat.TomcatStarter.onStartup(TomcatStarter.java:52) ~[spring-boot-3.5.4.jar:3.5.4]
	at org.apache.catalina.core.StandardContext.startInternal(StandardContext.java:4464) ~[tomcat-embed-core-10.1.43.jar:10.1.43]
	at org.apache.catalina.util.LifecycleBase.start(LifecycleBase.java:164) ~[tomcat-embed-core-10.1.43.jar:10.1.43]
	at org.apache.catalina.core.ContainerBase$StartChild.call(ContainerBase.java:1203) ~[tomcat-embed-core-10.1.43.jar:10.1.43]
	at org.apache.catalina.core.ContainerBase$StartChild.call(ContainerBase.java:1193) ~[tomcat-embed-core-10.1.43.jar:10.1.43]
	at java.base/java.util.concurrent.FutureTask.run(FutureTask.java:264) ~[na:na]
	at org.apache.tomcat.util.threads.InlineExecutorService.execute(InlineExecutorService.java:75) ~[tomcat-embed-core-10.1.43.jar:10.1.43]
	at java.base/java.util.concurrent.AbstractExecutorService.submit(AbstractExecutorService.java:145) ~[na:na]
	at org.apache.catalina.core.ContainerBase.startInternal(ContainerBase.java:749) ~[tomcat-embed-core-10.1.43.jar:10.1.43]
	at org.apache.catalina.core.StandardHost.startInternal(StandardHost.java:772) ~[tomcat-embed-core-10.1.43.jar:10.1.43]
	at org.apache.catalina.util.LifecycleBase.start(LifecycleBase.java:164) ~[tomcat-embed-core-10.1.43.jar:10.1.43]
	at org.apache.catalina.core.ContainerBase$StartChild.call(ContainerBase.java:1203) ~[tomcat-embed-core-10.1.43.jar:10.1.43]
	at org.apache.catalina.core.ContainerBase$StartChild.call(ContainerBase.java:1193) ~[tomcat-embed-core-10.1.43.jar:10.1.43]
	at java.base/java.util.concurrent.FutureTask.run(FutureTask.java:264) ~[na:na]
	at org.apache.tomcat.util.threads.InlineExecutorService.execute(InlineExecutorService.java:75) ~[tomcat-embed-core-10.1.43.jar:10.1.43]
	at java.base/java.util.concurrent.AbstractExecutorService.submit(AbstractExecutorService.java:145) ~[na:na]
	at org.apache.catalina.core.ContainerBase.startInternal(ContainerBase.java:749) ~[tomcat-embed-core-10.1.43.jar:10.1.43]
	at org.apache.catalina.core.StandardEngine.startInternal(StandardEngine.java:203) ~[tomcat-embed-core-10.1.43.jar:10.1.43]
	at org.apache.catalina.util.LifecycleBase.start(LifecycleBase.java:164) ~[tomcat-embed-core-10.1.43.jar:10.1.43]
	at org.apache.catalina.core.StandardService.startInternal(StandardService.java:412) ~[tomcat-embed-core-10.1.43.jar:10.1.43]
	at org.apache.catalina.util.LifecycleBase.start(LifecycleBase.java:164) ~[tomcat-embed-core-10.1.43.jar:10.1.43]
	at org.apache.catalina.core.StandardServer.startInternal(StandardServer.java:870) ~[tomcat-embed-core-10.1.43.jar:10.1.43]
	at org.apache.catalina.util.LifecycleBase.start(LifecycleBase.java:164) ~[tomcat-embed-core-10.1.43.jar:10.1.43]
	at org.apache.catalina.startup.Tomcat.start(Tomcat.java:438) ~[tomcat-embed-core-10.1.43.jar:10.1.43]
	at org.springframework.boot.web.embedded.tomcat.TomcatWebServer.initialize(TomcatWebServer.java:128) ~[spring-boot-3.5.4.jar:3.5.4]
	at org.springframework.boot.web.embedded.tomcat.TomcatWebServer.<init>(TomcatWebServer.java:107) ~[spring-boot-3.5.4.jar:3.5.4]
	at org.springframework.boot.web.embedded.tomcat.TomcatServletWebServerFactory.getTomcatWebServer(TomcatServletWebServerFactory.java:517) ~[spring-boot-3.5.4.jar:3.5.4]
	at org.springframework.boot.web.embedded.tomcat.TomcatServletWebServerFactory.getWebServer(TomcatServletWebServerFactory.java:219) ~[spring-boot-3.5.4.jar:3.5.4]
	at org.springframework.boot.web.servlet.context.ServletWebServerApplicationContext.createWebServer(ServletWebServerApplicationContext.java:193) ~[spring-boot-3.5.4.jar:3.5.4]
	at org.springframework.boot.web.servlet.context.ServletWebServerApplicationContext.onRefresh(ServletWebServerApplicationContext.java:167) ~[spring-boot-3.5.4.jar:3.5.4]
	at org.springframework.context.support.AbstractApplicationContext.refresh(AbstractApplicationContext.java:621) ~[spring-context-6.2.9.jar:6.2.9]
	at org.springframework.boot.web.servlet.context.ServletWebServerApplicationContext.refresh(ServletWebServerApplicationContext.java:146) ~[spring-boot-3.5.4.jar:3.5.4]
	at org.springframework.boot.SpringApplication.refresh(SpringApplication.java:752) ~[spring-boot-3.5.4.jar:3.5.4]
	at org.springframework.boot.SpringApplication.refreshContext(SpringApplication.java:439) ~[spring-boot-3.5.4.jar:3.5.4]
	at org.springframework.boot.SpringApplication.run(SpringApplication.java:318) ~[spring-boot-3.5.4.jar:3.5.4]
	at org.springframework.boot.SpringApplication.run(SpringApplication.java:1361) ~[spring-boot-3.5.4.jar:3.5.4]
	at org.springframework.boot.SpringApplication.run(SpringApplication.java:1350) ~[spring-boot-3.5.4.jar:3.5.4]
	at com.example.hotel_inventory.HotelInventoryApplication.main(HotelInventoryApplication.java:10) ~[classes/:na]
Caused by: java.sql.SQLSyntaxErrorException: Table 'hotel_inventory.inventory_items' doesn't exist
	at com.mysql.cj.jdbc.exceptions.SQLError.createSQLException(SQLError.java:112) ~[mysql-connector-j-9.3.0.jar:9.3.0]
	at com.mysql.cj.jdbc.exceptions.SQLExceptionsMapping.translateException(SQLExceptionsMapping.java:114) ~[mysql-connector-j-9.3.0.jar:9.3.0]
	at com.mysql.cj.jdbc.StatementImpl.executeInternal(StatementImpl.java:837) ~[mysql-connector-j-9.3.0.jar:9.3.0]
	at com.mysql.cj.jdbc.StatementImpl.execute(StatementImpl.java:685) ~[mysql-connector-j-9.3.0.jar:9.3.0]
	at com.zaxxer.hikari.pool.ProxyStatement.execute(ProxyStatement.java:95) ~[HikariCP-6.3.1.jar:na]
	at com.zaxxer.hikari.pool.HikariProxyStatement.execute(HikariProxyStatement.java) ~[HikariCP-6.3.1.jar:na]
	at org.hibernate.tool.schema.internal.exec.GenerationTargetToDatabase.accept(GenerationTargetToDatabase.java:80) ~[hibernate-core-6.6.22.Final.jar:6.6.22.Final]
	... 110 common frames omitted

2025-08-26T12:53:11.666+05:30 DEBUG 9676 --- [hotel-inventory] [           main] org.hibernate.SQL                        : 
    alter table inventory_items 
       drop 
       foreign key FKr32yqtqigsrw84cbfk2aebrvo
Hibernate: 
    alter table inventory_items 
       drop 
       foreign key FKr32yqtqigsrw84cbfk2aebrvo
2025-08-26T12:53:11.667+05:30  WARN 9676 --- [hotel-inventory] [           main] o.h.t.s.i.ExceptionHandlerLoggedImpl     : GenerationTarget encountered exception accepting command : Error executing DDL "
    alter table inventory_items 
       drop 
       foreign key FKr32yqtqigsrw84cbfk2aebrvo" via JDBC [Table 'hotel_inventory.inventory_items' doesn't exist]

org.hibernate.tool.schema.spi.CommandAcceptanceException: Error executing DDL "
    alter table inventory_items 
       drop 
       foreign key FKr32yqtqigsrw84cbfk2aebrvo" via JDBC [Table 'hotel_inventory.inventory_items' doesn't exist]
	at org.hibernate.tool.schema.internal.exec.GenerationTargetToDatabase.accept(GenerationTargetToDatabase.java:94) ~[hibernate-core-6.6.22.Final.jar:6.6.22.Final]
	at org.hibernate.tool.schema.internal.Helper.applySqlString(Helper.java:233) ~[hibernate-core-6.6.22.Final.jar:6.6.22.Final]
	at org.hibernate.tool.schema.internal.Helper.applySqlStrings(Helper.java:217) ~[hibernate-core-6.6.22.Final.jar:6.6.22.Final]
	at org.hibernate.tool.schema.internal.SchemaDropperImpl.applyConstraintDropping(SchemaDropperImpl.java:479) ~[hibernate-core-6.6.22.Final.jar:6.6.22.Final]
	at org.hibernate.tool.schema.internal.SchemaDropperImpl.dropConstraintsTablesSequences(SchemaDropperImpl.java:245) ~[hibernate-core-6.6.22.Final.jar:6.6.22.Final]
	at org.hibernate.tool.schema.internal.SchemaDropperImpl.dropFromMetadata(SchemaDropperImpl.java:218) ~[hibernate-core-6.6.22.Final.jar:6.6.22.Final]
	at org.hibernate.tool.schema.internal.SchemaDropperImpl.performDrop(SchemaDropperImpl.java:186) ~[hibernate-core-6.6.22.Final.jar:6.6.22.Final]
	at org.hibernate.tool.schema.internal.SchemaDropperImpl.doDrop(SchemaDropperImpl.java:156) ~[hibernate-core-6.6.22.Final.jar:6.6.22.Final]
	at org.hibernate.tool.schema.internal.SchemaDropperImpl.doDrop(SchemaDropperImpl.java:116) ~[hibernate-core-6.6.22.Final.jar:6.6.22.Final]
	at org.hibernate.tool.schema.spi.SchemaManagementToolCoordinator.performDatabaseAction(SchemaManagementToolCoordinator.java:238) ~[hibernate-core-6.6.22.Final.jar:6.6.22.Final]
	at org.hibernate.tool.schema.spi.SchemaManagementToolCoordinator.lambda$process$5(SchemaManagementToolCoordinator.java:144) ~[hibernate-core-6.6.22.Final.jar:6.6.22.Final]
	at java.base/java.util.HashMap.forEach(HashMap.java:1421) ~[na:na]
	at org.hibernate.tool.schema.spi.SchemaManagementToolCoordinator.process(SchemaManagementToolCoordinator.java:141) ~[hibernate-core-6.6.22.Final.jar:6.6.22.Final]
	at org.hibernate.boot.internal.SessionFactoryObserverForSchemaExport.sessionFactoryCreated(SessionFactoryObserverForSchemaExport.java:37) ~[hibernate-core-6.6.22.Final.jar:6.6.22.Final]
	at org.hibernate.internal.SessionFactoryObserverChain.sessionFactoryCreated(SessionFactoryObserverChain.java:35) ~[hibernate-core-6.6.22.Final.jar:6.6.22.Final]
	at org.hibernate.internal.SessionFactoryImpl.<init>(SessionFactoryImpl.java:324) ~[hibernate-core-6.6.22.Final.jar:6.6.22.Final]
	at org.hibernate.boot.internal.SessionFactoryBuilderImpl.build(SessionFactoryBuilderImpl.java:463) ~[hibernate-core-6.6.22.Final.jar:6.6.22.Final]
	at org.hibernate.jpa.boot.internal.EntityManagerFactoryBuilderImpl.build(EntityManagerFactoryBuilderImpl.java:1517) ~[hibernate-core-6.6.22.Final.jar:6.6.22.Final]
	at org.springframework.orm.jpa.vendor.SpringHibernateJpaPersistenceProvider.createContainerEntityManagerFactory(SpringHibernateJpaPersistenceProvider.java:66) ~[spring-orm-6.2.9.jar:6.2.9]
	at org.springframework.orm.jpa.LocalContainerEntityManagerFactoryBean.createNativeEntityManagerFactory(LocalContainerEntityManagerFactoryBean.java:390) ~[spring-orm-6.2.9.jar:6.2.9]
	at org.springframework.orm.jpa.AbstractEntityManagerFactoryBean.buildNativeEntityManagerFactory(AbstractEntityManagerFactoryBean.java:419) ~[spring-orm-6.2.9.jar:6.2.9]
	at org.springframework.orm.jpa.AbstractEntityManagerFactoryBean.afterPropertiesSet(AbstractEntityManagerFactoryBean.java:400) ~[spring-orm-6.2.9.jar:6.2.9]
	at org.springframework.orm.jpa.LocalContainerEntityManagerFactoryBean.afterPropertiesSet(LocalContainerEntityManagerFactoryBean.java:366) ~[spring-orm-6.2.9.jar:6.2.9]
	at org.springframework.beans.factory.support.AbstractAutowireCapableBeanFactory.invokeInitMethods(AbstractAutowireCapableBeanFactory.java:1873) ~[spring-beans-6.2.9.jar:6.2.9]
	at org.springframework.beans.factory.support.AbstractAutowireCapableBeanFactory.initializeBean(AbstractAutowireCapableBeanFactory.java:1822) ~[spring-beans-6.2.9.jar:6.2.9]
	at org.springframework.beans.factory.support.AbstractAutowireCapableBeanFactory.doCreateBean(AbstractAutowireCapableBeanFactory.java:607) ~[spring-beans-6.2.9.jar:6.2.9]
	at org.springframework.beans.factory.support.AbstractAutowireCapableBeanFactory.createBean(AbstractAutowireCapableBeanFactory.java:529) ~[spring-beans-6.2.9.jar:6.2.9]
	at org.springframework.beans.factory.support.AbstractBeanFactory.lambda$doGetBean$0(AbstractBeanFactory.java:339) ~[spring-beans-6.2.9.jar:6.2.9]
	at org.springframework.beans.factory.support.DefaultSingletonBeanRegistry.getSingleton(DefaultSingletonBeanRegistry.java:373) ~[spring-beans-6.2.9.jar:6.2.9]
	at org.springframework.beans.factory.support.AbstractBeanFactory.doGetBean(AbstractBeanFactory.java:337) ~[spring-beans-6.2.9.jar:6.2.9]
	at org.springframework.beans.factory.support.AbstractBeanFactory.getBean(AbstractBeanFactory.java:202) ~[spring-beans-6.2.9.jar:6.2.9]
	at org.springframework.beans.factory.support.BeanDefinitionValueResolver.resolveReference(BeanDefinitionValueResolver.java:365) ~[spring-beans-6.2.9.jar:6.2.9]
	at org.springframework.beans.factory.support.BeanDefinitionValueResolver.resolveValueIfNecessary(BeanDefinitionValueResolver.java:135) ~[spring-beans-6.2.9.jar:6.2.9]
	at org.springframework.beans.factory.support.ConstructorResolver.resolveConstructorArguments(ConstructorResolver.java:691) ~[spring-beans-6.2.9.jar:6.2.9]
	at org.springframework.beans.factory.support.ConstructorResolver.instantiateUsingFactoryMethod(ConstructorResolver.java:513) ~[spring-beans-6.2.9.jar:6.2.9]
	at org.springframework.beans.factory.support.AbstractAutowireCapableBeanFactory.instantiateUsingFactoryMethod(AbstractAutowireCapableBeanFactory.java:1375) ~[spring-beans-6.2.9.jar:6.2.9]
	at org.springframework.beans.factory.support.AbstractAutowireCapableBeanFactory.createBeanInstance(AbstractAutowireCapableBeanFactory.java:1205) ~[spring-beans-6.2.9.jar:6.2.9]
	at org.springframework.beans.factory.support.AbstractAutowireCapableBeanFactory.doCreateBean(AbstractAutowireCapableBeanFactory.java:569) ~[spring-beans-6.2.9.jar:6.2.9]
	at org.springframework.beans.factory.support.AbstractAutowireCapableBeanFactory.createBean(AbstractAutowireCapableBeanFactory.java:529) ~[spring-beans-6.2.9.jar:6.2.9]
	at org.springframework.beans.factory.support.AbstractBeanFactory.lambda$doGetBean$0(AbstractBeanFactory.java:339) ~[spring-beans-6.2.9.jar:6.2.9]
	at org.springframework.beans.factory.support.DefaultSingletonBeanRegistry.getSingleton(DefaultSingletonBeanRegistry.java:373) ~[spring-beans-6.2.9.jar:6.2.9]
	at org.springframework.beans.factory.support.AbstractBeanFactory.doGetBean(AbstractBeanFactory.java:337) ~[spring-beans-6.2.9.jar:6.2.9]
	at org.springframework.beans.factory.support.AbstractBeanFactory.getBean(AbstractBeanFactory.java:202) ~[spring-beans-6.2.9.jar:6.2.9]
	at org.springframework.beans.factory.support.BeanDefinitionValueResolver.resolveReference(BeanDefinitionValueResolver.java:365) ~[spring-beans-6.2.9.jar:6.2.9]
	at org.springframework.beans.factory.support.BeanDefinitionValueResolver.resolveValueIfNecessary(BeanDefinitionValueResolver.java:135) ~[spring-beans-6.2.9.jar:6.2.9]
	at org.springframework.beans.factory.support.AbstractAutowireCapableBeanFactory.applyPropertyValues(AbstractAutowireCapableBeanFactory.java:1725) ~[spring-beans-6.2.9.jar:6.2.9]
	at org.springframework.beans.factory.support.AbstractAutowireCapableBeanFactory.populateBean(AbstractAutowireCapableBeanFactory.java:1474) ~[spring-beans-6.2.9.jar:6.2.9]
	at org.springframework.beans.factory.support.AbstractAutowireCapableBeanFactory.doCreateBean(AbstractAutowireCapableBeanFactory.java:606) ~[spring-beans-6.2.9.jar:6.2.9]
	at org.springframework.beans.factory.support.AbstractAutowireCapableBeanFactory.createBean(AbstractAutowireCapableBeanFactory.java:529) ~[spring-beans-6.2.9.jar:6.2.9]
	at org.springframework.beans.factory.support.AbstractBeanFactory.lambda$doGetBean$0(AbstractBeanFactory.java:339) ~[spring-beans-6.2.9.jar:6.2.9]
	at org.springframework.beans.factory.support.DefaultSingletonBeanRegistry.getSingleton(DefaultSingletonBeanRegistry.java:373) ~[spring-beans-6.2.9.jar:6.2.9]
	at org.springframework.beans.factory.support.AbstractBeanFactory.doGetBean(AbstractBeanFactory.java:337) ~[spring-beans-6.2.9.jar:6.2.9]
	at org.springframework.beans.factory.support.AbstractBeanFactory.getBean(AbstractBeanFactory.java:202) ~[spring-beans-6.2.9.jar:6.2.9]
	at org.springframework.beans.factory.support.DefaultListableBeanFactory.doResolveDependency(DefaultListableBeanFactory.java:1683) ~[spring-beans-6.2.9.jar:6.2.9]
	at org.springframework.beans.factory.support.DefaultListableBeanFactory.resolveDependency(DefaultListableBeanFactory.java:1628) ~[spring-beans-6.2.9.jar:6.2.9]
	at org.springframework.beans.factory.annotation.AutowiredAnnotationBeanPostProcessor$AutowiredFieldElement.resolveFieldValue(AutowiredAnnotationBeanPostProcessor.java:785) ~[spring-beans-6.2.9.jar:6.2.9]
	at org.springframework.beans.factory.annotation.AutowiredAnnotationBeanPostProcessor$AutowiredFieldElement.inject(AutowiredAnnotationBeanPostProcessor.java:768) ~[spring-beans-6.2.9.jar:6.2.9]
	at org.springframework.beans.factory.annotation.InjectionMetadata.inject(InjectionMetadata.java:146) ~[spring-beans-6.2.9.jar:6.2.9]
	at org.springframework.beans.factory.annotation.AutowiredAnnotationBeanPostProcessor.postProcessProperties(AutowiredAnnotationBeanPostProcessor.java:509) ~[spring-beans-6.2.9.jar:6.2.9]
	at org.springframework.beans.factory.support.AbstractAutowireCapableBeanFactory.populateBean(AbstractAutowireCapableBeanFactory.java:1459) ~[spring-beans-6.2.9.jar:6.2.9]
	at org.springframework.beans.factory.support.AbstractAutowireCapableBeanFactory.doCreateBean(AbstractAutowireCapableBeanFactory.java:606) ~[spring-beans-6.2.9.jar:6.2.9]
	at org.springframework.beans.factory.support.AbstractAutowireCapableBeanFactory.createBean(AbstractAutowireCapableBeanFactory.java:529) ~[spring-beans-6.2.9.jar:6.2.9]
	at org.springframework.beans.factory.support.AbstractBeanFactory.lambda$doGetBean$0(AbstractBeanFactory.java:339) ~[spring-beans-6.2.9.jar:6.2.9]
	at org.springframework.beans.factory.support.DefaultSingletonBeanRegistry.getSingleton(DefaultSingletonBeanRegistry.java:373) ~[spring-beans-6.2.9.jar:6.2.9]
	at org.springframework.beans.factory.support.AbstractBeanFactory.doGetBean(AbstractBeanFactory.java:337) ~[spring-beans-6.2.9.jar:6.2.9]
	at org.springframework.beans.factory.support.AbstractBeanFactory.getBean(AbstractBeanFactory.java:207) ~[spring-beans-6.2.9.jar:6.2.9]
	at org.springframework.boot.web.servlet.ServletContextInitializerBeans.getOrderedBeansOfType(ServletContextInitializerBeans.java:230) ~[spring-boot-3.5.4.jar:3.5.4]
	at org.springframework.boot.web.servlet.ServletContextInitializerBeans.addAsRegistrationBean(ServletContextInitializerBeans.java:184) ~[spring-boot-3.5.4.jar:3.5.4]
	at org.springframework.boot.web.servlet.ServletContextInitializerBeans.addAsRegistrationBean(ServletContextInitializerBeans.java:179) ~[spring-boot-3.5.4.jar:3.5.4]
	at org.springframework.boot.web.servlet.ServletContextInitializerBeans.addAdaptableBeans(ServletContextInitializerBeans.java:164) ~[spring-boot-3.5.4.jar:3.5.4]
	at org.springframework.boot.web.servlet.ServletContextInitializerBeans.<init>(ServletContextInitializerBeans.java:96) ~[spring-boot-3.5.4.jar:3.5.4]
	at org.springframework.boot.web.servlet.context.ServletWebServerApplicationContext.getServletContextInitializerBeans(ServletWebServerApplicationContext.java:271) ~[spring-boot-3.5.4.jar:3.5.4]
	at org.springframework.boot.web.servlet.context.ServletWebServerApplicationContext.selfInitialize(ServletWebServerApplicationContext.java:245) ~[spring-boot-3.5.4.jar:3.5.4]
	at org.springframework.boot.web.embedded.tomcat.TomcatStarter.onStartup(TomcatStarter.java:52) ~[spring-boot-3.5.4.jar:3.5.4]
	at org.apache.catalina.core.StandardContext.startInternal(StandardContext.java:4464) ~[tomcat-embed-core-10.1.43.jar:10.1.43]
	at org.apache.catalina.util.LifecycleBase.start(LifecycleBase.java:164) ~[tomcat-embed-core-10.1.43.jar:10.1.43]
	at org.apache.catalina.core.ContainerBase$StartChild.call(ContainerBase.java:1203) ~[tomcat-embed-core-10.1.43.jar:10.1.43]
	at org.apache.catalina.core.ContainerBase$StartChild.call(ContainerBase.java:1193) ~[tomcat-embed-core-10.1.43.jar:10.1.43]
	at java.base/java.util.concurrent.FutureTask.run(FutureTask.java:264) ~[na:na]
	at org.apache.tomcat.util.threads.InlineExecutorService.execute(InlineExecutorService.java:75) ~[tomcat-embed-core-10.1.43.jar:10.1.43]
	at java.base/java.util.concurrent.AbstractExecutorService.submit(AbstractExecutorService.java:145) ~[na:na]
	at org.apache.catalina.core.ContainerBase.startInternal(ContainerBase.java:749) ~[tomcat-embed-core-10.1.43.jar:10.1.43]
	at org.apache.catalina.core.StandardHost.startInternal(StandardHost.java:772) ~[tomcat-embed-core-10.1.43.jar:10.1.43]
	at org.apache.catalina.util.LifecycleBase.start(LifecycleBase.java:164) ~[tomcat-embed-core-10.1.43.jar:10.1.43]
	at org.apache.catalina.core.ContainerBase$StartChild.call(ContainerBase.java:1203) ~[tomcat-embed-core-10.1.43.jar:10.1.43]
	at org.apache.catalina.core.ContainerBase$StartChild.call(ContainerBase.java:1193) ~[tomcat-embed-core-10.1.43.jar:10.1.43]
	at java.base/java.util.concurrent.FutureTask.run(FutureTask.java:264) ~[na:na]
	at org.apache.tomcat.util.threads.InlineExecutorService.execute(InlineExecutorService.java:75) ~[tomcat-embed-core-10.1.43.jar:10.1.43]
	at java.base/java.util.concurrent.AbstractExecutorService.submit(AbstractExecutorService.java:145) ~[na:na]
	at org.apache.catalina.core.ContainerBase.startInternal(ContainerBase.java:749) ~[tomcat-embed-core-10.1.43.jar:10.1.43]
	at org.apache.catalina.core.StandardEngine.startInternal(StandardEngine.java:203) ~[tomcat-embed-core-10.1.43.jar:10.1.43]
	at org.apache.catalina.util.LifecycleBase.start(LifecycleBase.java:164) ~[tomcat-embed-core-10.1.43.jar:10.1.43]
	at org.apache.catalina.core.StandardService.startInternal(StandardService.java:412) ~[tomcat-embed-core-10.1.43.jar:10.1.43]
	at org.apache.catalina.util.LifecycleBase.start(LifecycleBase.java:164) ~[tomcat-embed-core-10.1.43.jar:10.1.43]
	at org.apache.catalina.core.StandardServer.startInternal(StandardServer.java:870) ~[tomcat-embed-core-10.1.43.jar:10.1.43]
	at org.apache.catalina.util.LifecycleBase.start(LifecycleBase.java:164) ~[tomcat-embed-core-10.1.43.jar:10.1.43]
	at org.apache.catalina.startup.Tomcat.start(Tomcat.java:438) ~[tomcat-embed-core-10.1.43.jar:10.1.43]
	at org.springframework.boot.web.embedded.tomcat.TomcatWebServer.initialize(TomcatWebServer.java:128) ~[spring-boot-3.5.4.jar:3.5.4]
	at org.springframework.boot.web.embedded.tomcat.TomcatWebServer.<init>(TomcatWebServer.java:107) ~[spring-boot-3.5.4.jar:3.5.4]
	at org.springframework.boot.web.embedded.tomcat.TomcatServletWebServerFactory.getTomcatWebServer(TomcatServletWebServerFactory.java:517) ~[spring-boot-3.5.4.jar:3.5.4]
	at org.springframework.boot.web.embedded.tomcat.TomcatServletWebServerFactory.getWebServer(TomcatServletWebServerFactory.java:219) ~[spring-boot-3.5.4.jar:3.5.4]
	at org.springframework.boot.web.servlet.context.ServletWebServerApplicationContext.createWebServer(ServletWebServerApplicationContext.java:193) ~[spring-boot-3.5.4.jar:3.5.4]
	at org.springframework.boot.web.servlet.context.ServletWebServerApplicationContext.onRefresh(ServletWebServerApplicationContext.java:167) ~[spring-boot-3.5.4.jar:3.5.4]
	at org.springframework.context.support.AbstractApplicationContext.refresh(AbstractApplicationContext.java:621) ~[spring-context-6.2.9.jar:6.2.9]
	at org.springframework.boot.web.servlet.context.ServletWebServerApplicationContext.refresh(ServletWebServerApplicationContext.java:146) ~[spring-boot-3.5.4.jar:3.5.4]
	at org.springframework.boot.SpringApplication.refresh(SpringApplication.java:752) ~[spring-boot-3.5.4.jar:3.5.4]
	at org.springframework.boot.SpringApplication.refreshContext(SpringApplication.java:439) ~[spring-boot-3.5.4.jar:3.5.4]
	at org.springframework.boot.SpringApplication.run(SpringApplication.java:318) ~[spring-boot-3.5.4.jar:3.5.4]
	at org.springframework.boot.SpringApplication.run(SpringApplication.java:1361) ~[spring-boot-3.5.4.jar:3.5.4]
	at org.springframework.boot.SpringApplication.run(SpringApplication.java:1350) ~[spring-boot-3.5.4.jar:3.5.4]
	at com.example.hotel_inventory.HotelInventoryApplication.main(HotelInventoryApplication.java:10) ~[classes/:na]
Caused by: java.sql.SQLSyntaxErrorException: Table 'hotel_inventory.inventory_items' doesn't exist
	at com.mysql.cj.jdbc.exceptions.SQLError.createSQLException(SQLError.java:112) ~[mysql-connector-j-9.3.0.jar:9.3.0]
	at com.mysql.cj.jdbc.exceptions.SQLExceptionsMapping.translateException(SQLExceptionsMapping.java:114) ~[mysql-connector-j-9.3.0.jar:9.3.0]
	at com.mysql.cj.jdbc.StatementImpl.executeInternal(StatementImpl.java:837) ~[mysql-connector-j-9.3.0.jar:9.3.0]
	at com.mysql.cj.jdbc.StatementImpl.execute(StatementImpl.java:685) ~[mysql-connector-j-9.3.0.jar:9.3.0]
	at com.zaxxer.hikari.pool.ProxyStatement.execute(ProxyStatement.java:95) ~[HikariCP-6.3.1.jar:na]
	at com.zaxxer.hikari.pool.HikariProxyStatement.execute(HikariProxyStatement.java) ~[HikariCP-6.3.1.jar:na]
	at org.hibernate.tool.schema.internal.exec.GenerationTargetToDatabase.accept(GenerationTargetToDatabase.java:80) ~[hibernate-core-6.6.22.Final.jar:6.6.22.Final]
	... 110 common frames omitted

2025-08-26T12:53:11.668+05:30 DEBUG 9676 --- [hotel-inventory] [           main] org.hibernate.SQL                        : 
    alter table inventory_items 
       drop 
       foreign key FKhc7q0chmfralakw27k36ds0c1
Hibernate: 
    alter table inventory_items 
       drop 
       foreign key FKhc7q0chmfralakw27k36ds0c1
2025-08-26T12:53:11.669+05:30  WARN 9676 --- [hotel-inventory] [           main] o.h.t.s.i.ExceptionHandlerLoggedImpl     : GenerationTarget encountered exception accepting command : Error executing DDL "
    alter table inventory_items 
       drop 
       foreign key FKhc7q0chmfralakw27k36ds0c1" via JDBC [Table 'hotel_inventory.inventory_items' doesn't exist]

org.hibernate.tool.schema.spi.CommandAcceptanceException: Error executing DDL "
    alter table inventory_items 
       drop 
       foreign key FKhc7q0chmfralakw27k36ds0c1" via JDBC [Table 'hotel_inventory.inventory_items' doesn't exist]
	at org.hibernate.tool.schema.internal.exec.GenerationTargetToDatabase.accept(GenerationTargetToDatabase.java:94) ~[hibernate-core-6.6.22.Final.jar:6.6.22.Final]
	at org.hibernate.tool.schema.internal.Helper.applySqlString(Helper.java:233) ~[hibernate-core-6.6.22.Final.jar:6.6.22.Final]
	at org.hibernate.tool.schema.internal.Helper.applySqlStrings(Helper.java:217) ~[hibernate-core-6.6.22.Final.jar:6.6.22.Final]
	at org.hibernate.tool.schema.internal.SchemaDropperImpl.applyConstraintDropping(SchemaDropperImpl.java:479) ~[hibernate-core-6.6.22.Final.jar:6.6.22.Final]
	at org.hibernate.tool.schema.internal.SchemaDropperImpl.dropConstraintsTablesSequences(SchemaDropperImpl.java:245) ~[hibernate-core-6.6.22.Final.jar:6.6.22.Final]
	at org.hibernate.tool.schema.internal.SchemaDropperImpl.dropFromMetadata(SchemaDropperImpl.java:218) ~[hibernate-core-6.6.22.Final.jar:6.6.22.Final]
	at org.hibernate.tool.schema.internal.SchemaDropperImpl.performDrop(SchemaDropperImpl.java:186) ~[hibernate-core-6.6.22.Final.jar:6.6.22.Final]
	at org.hibernate.tool.schema.internal.SchemaDropperImpl.doDrop(SchemaDropperImpl.java:156) ~[hibernate-core-6.6.22.Final.jar:6.6.22.Final]
	at org.hibernate.tool.schema.internal.SchemaDropperImpl.doDrop(SchemaDropperImpl.java:116) ~[hibernate-core-6.6.22.Final.jar:6.6.22.Final]
	at org.hibernate.tool.schema.spi.SchemaManagementToolCoordinator.performDatabaseAction(SchemaManagementToolCoordinator.java:238) ~[hibernate-core-6.6.22.Final.jar:6.6.22.Final]
	at org.hibernate.tool.schema.spi.SchemaManagementToolCoordinator.lambda$process$5(SchemaManagementToolCoordinator.java:144) ~[hibernate-core-6.6.22.Final.jar:6.6.22.Final]
	at java.base/java.util.HashMap.forEach(HashMap.java:1421) ~[na:na]
	at org.hibernate.tool.schema.spi.SchemaManagementToolCoordinator.process(SchemaManagementToolCoordinator.java:141) ~[hibernate-core-6.6.22.Final.jar:6.6.22.Final]
	at org.hibernate.boot.internal.SessionFactoryObserverForSchemaExport.sessionFactoryCreated(SessionFactoryObserverForSchemaExport.java:37) ~[hibernate-core-6.6.22.Final.jar:6.6.22.Final]
	at org.hibernate.internal.SessionFactoryObserverChain.sessionFactoryCreated(SessionFactoryObserverChain.java:35) ~[hibernate-core-6.6.22.Final.jar:6.6.22.Final]
	at org.hibernate.internal.SessionFactoryImpl.<init>(SessionFactoryImpl.java:324) ~[hibernate-core-6.6.22.Final.jar:6.6.22.Final]
	at org.hibernate.boot.internal.SessionFactoryBuilderImpl.build(SessionFactoryBuilderImpl.java:463) ~[hibernate-core-6.6.22.Final.jar:6.6.22.Final]
	at org.hibernate.jpa.boot.internal.EntityManagerFactoryBuilderImpl.build(EntityManagerFactoryBuilderImpl.java:1517) ~[hibernate-core-6.6.22.Final.jar:6.6.22.Final]
	at org.springframework.orm.jpa.vendor.SpringHibernateJpaPersistenceProvider.createContainerEntityManagerFactory(SpringHibernateJpaPersistenceProvider.java:66) ~[spring-orm-6.2.9.jar:6.2.9]
	at org.springframework.orm.jpa.LocalContainerEntityManagerFactoryBean.createNativeEntityManagerFactory(LocalContainerEntityManagerFactoryBean.java:390) ~[spring-orm-6.2.9.jar:6.2.9]
	at org.springframework.orm.jpa.AbstractEntityManagerFactoryBean.buildNativeEntityManagerFactory(AbstractEntityManagerFactoryBean.java:419) ~[spring-orm-6.2.9.jar:6.2.9]
	at org.springframework.orm.jpa.AbstractEntityManagerFactoryBean.afterPropertiesSet(AbstractEntityManagerFactoryBean.java:400) ~[spring-orm-6.2.9.jar:6.2.9]
	at org.springframework.orm.jpa.LocalContainerEntityManagerFactoryBean.afterPropertiesSet(LocalContainerEntityManagerFactoryBean.java:366) ~[spring-orm-6.2.9.jar:6.2.9]
	at org.springframework.beans.factory.support.AbstractAutowireCapableBeanFactory.invokeInitMethods(AbstractAutowireCapableBeanFactory.java:1873) ~[spring-beans-6.2.9.jar:6.2.9]
	at org.springframework.beans.factory.support.AbstractAutowireCapableBeanFactory.initializeBean(AbstractAutowireCapableBeanFactory.java:1822) ~[spring-beans-6.2.9.jar:6.2.9]
	at org.springframework.beans.factory.support.AbstractAutowireCapableBeanFactory.doCreateBean(AbstractAutowireCapableBeanFactory.java:607) ~[spring-beans-6.2.9.jar:6.2.9]
	at org.springframework.beans.factory.support.AbstractAutowireCapableBeanFactory.createBean(AbstractAutowireCapableBeanFactory.java:529) ~[spring-beans-6.2.9.jar:6.2.9]
	at org.springframework.beans.factory.support.AbstractBeanFactory.lambda$doGetBean$0(AbstractBeanFactory.java:339) ~[spring-beans-6.2.9.jar:6.2.9]
	at org.springframework.beans.factory.support.DefaultSingletonBeanRegistry.getSingleton(DefaultSingletonBeanRegistry.java:373) ~[spring-beans-6.2.9.jar:6.2.9]
	at org.springframework.beans.factory.support.AbstractBeanFactory.doGetBean(AbstractBeanFactory.java:337) ~[spring-beans-6.2.9.jar:6.2.9]
	at org.springframework.beans.factory.support.AbstractBeanFactory.getBean(AbstractBeanFactory.java:202) ~[spring-beans-6.2.9.jar:6.2.9]
	at org.springframework.beans.factory.support.BeanDefinitionValueResolver.resolveReference(BeanDefinitionValueResolver.java:365) ~[spring-beans-6.2.9.jar:6.2.9]
	at org.springframework.beans.factory.support.BeanDefinitionValueResolver.resolveValueIfNecessary(BeanDefinitionValueResolver.java:135) ~[spring-beans-6.2.9.jar:6.2.9]
	at org.springframework.beans.factory.support.ConstructorResolver.resolveConstructorArguments(ConstructorResolver.java:691) ~[spring-beans-6.2.9.jar:6.2.9]
	at org.springframework.beans.factory.support.ConstructorResolver.instantiateUsingFactoryMethod(ConstructorResolver.java:513) ~[spring-beans-6.2.9.jar:6.2.9]
	at org.springframework.beans.factory.support.AbstractAutowireCapableBeanFactory.instantiateUsingFactoryMethod(AbstractAutowireCapableBeanFactory.java:1375) ~[spring-beans-6.2.9.jar:6.2.9]
	at org.springframework.beans.factory.support.AbstractAutowireCapableBeanFactory.createBeanInstance(AbstractAutowireCapableBeanFactory.java:1205) ~[spring-beans-6.2.9.jar:6.2.9]
	at org.springframework.beans.factory.support.AbstractAutowireCapableBeanFactory.doCreateBean(AbstractAutowireCapableBeanFactory.java:569) ~[spring-beans-6.2.9.jar:6.2.9]
	at org.springframework.beans.factory.support.AbstractAutowireCapableBeanFactory.createBean(AbstractAutowireCapableBeanFactory.java:529) ~[spring-beans-6.2.9.jar:6.2.9]
	at org.springframework.beans.factory.support.AbstractBeanFactory.lambda$doGetBean$0(AbstractBeanFactory.java:339) ~[spring-beans-6.2.9.jar:6.2.9]
	at org.springframework.beans.factory.support.DefaultSingletonBeanRegistry.getSingleton(DefaultSingletonBeanRegistry.java:373) ~[spring-beans-6.2.9.jar:6.2.9]
	at org.springframework.beans.factory.support.AbstractBeanFactory.doGetBean(AbstractBeanFactory.java:337) ~[spring-beans-6.2.9.jar:6.2.9]
	at org.springframework.beans.factory.support.AbstractBeanFactory.getBean(AbstractBeanFactory.java:202) ~[spring-beans-6.2.9.jar:6.2.9]
	at org.springframework.beans.factory.support.BeanDefinitionValueResolver.resolveReference(BeanDefinitionValueResolver.java:365) ~[spring-beans-6.2.9.jar:6.2.9]
	at org.springframework.beans.factory.support.BeanDefinitionValueResolver.resolveValueIfNecessary(BeanDefinitionValueResolver.java:135) ~[spring-beans-6.2.9.jar:6.2.9]
	at org.springframework.beans.factory.support.AbstractAutowireCapableBeanFactory.applyPropertyValues(AbstractAutowireCapableBeanFactory.java:1725) ~[spring-beans-6.2.9.jar:6.2.9]
	at org.springframework.beans.factory.support.AbstractAutowireCapableBeanFactory.populateBean(AbstractAutowireCapableBeanFactory.java:1474) ~[spring-beans-6.2.9.jar:6.2.9]
	at org.springframework.beans.factory.support.AbstractAutowireCapableBeanFactory.doCreateBean(AbstractAutowireCapableBeanFactory.java:606) ~[spring-beans-6.2.9.jar:6.2.9]
	at org.springframework.beans.factory.support.AbstractAutowireCapableBeanFactory.createBean(AbstractAutowireCapableBeanFactory.java:529) ~[spring-beans-6.2.9.jar:6.2.9]
	at org.springframework.beans.factory.support.AbstractBeanFactory.lambda$doGetBean$0(AbstractBeanFactory.java:339) ~[spring-beans-6.2.9.jar:6.2.9]
	at org.springframework.beans.factory.support.DefaultSingletonBeanRegistry.getSingleton(DefaultSingletonBeanRegistry.java:373) ~[spring-beans-6.2.9.jar:6.2.9]
	at org.springframework.beans.factory.support.AbstractBeanFactory.doGetBean(AbstractBeanFactory.java:337) ~[spring-beans-6.2.9.jar:6.2.9]
	at org.springframework.beans.factory.support.AbstractBeanFactory.getBean(AbstractBeanFactory.java:202) ~[spring-beans-6.2.9.jar:6.2.9]
	at org.springframework.beans.factory.support.DefaultListableBeanFactory.doResolveDependency(DefaultListableBeanFactory.java:1683) ~[spring-beans-6.2.9.jar:6.2.9]
	at org.springframework.beans.factory.support.DefaultListableBeanFactory.resolveDependency(DefaultListableBeanFactory.java:1628) ~[spring-beans-6.2.9.jar:6.2.9]
	at org.springframework.beans.factory.annotation.AutowiredAnnotationBeanPostProcessor$AutowiredFieldElement.resolveFieldValue(AutowiredAnnotationBeanPostProcessor.java:785) ~[spring-beans-6.2.9.jar:6.2.9]
	at org.springframework.beans.factory.annotation.AutowiredAnnotationBeanPostProcessor$AutowiredFieldElement.inject(AutowiredAnnotationBeanPostProcessor.java:768) ~[spring-beans-6.2.9.jar:6.2.9]
	at org.springframework.beans.factory.annotation.InjectionMetadata.inject(InjectionMetadata.java:146) ~[spring-beans-6.2.9.jar:6.2.9]
	at org.springframework.beans.factory.annotation.AutowiredAnnotationBeanPostProcessor.postProcessProperties(AutowiredAnnotationBeanPostProcessor.java:509) ~[spring-beans-6.2.9.jar:6.2.9]
	at org.springframework.beans.factory.support.AbstractAutowireCapableBeanFactory.populateBean(AbstractAutowireCapableBeanFactory.java:1459) ~[spring-beans-6.2.9.jar:6.2.9]
	at org.springframework.beans.factory.support.AbstractAutowireCapableBeanFactory.doCreateBean(AbstractAutowireCapableBeanFactory.java:606) ~[spring-beans-6.2.9.jar:6.2.9]
	at org.springframework.beans.factory.support.AbstractAutowireCapableBeanFactory.createBean(AbstractAutowireCapableBeanFactory.java:529) ~[spring-beans-6.2.9.jar:6.2.9]
	at org.springframework.beans.factory.support.AbstractBeanFactory.lambda$doGetBean$0(AbstractBeanFactory.java:339) ~[spring-beans-6.2.9.jar:6.2.9]
	at org.springframework.beans.factory.support.DefaultSingletonBeanRegistry.getSingleton(DefaultSingletonBeanRegistry.java:373) ~[spring-beans-6.2.9.jar:6.2.9]
	at org.springframework.beans.factory.support.AbstractBeanFactory.doGetBean(AbstractBeanFactory.java:337) ~[spring-beans-6.2.9.jar:6.2.9]
	at org.springframework.beans.factory.support.AbstractBeanFactory.getBean(AbstractBeanFactory.java:207) ~[spring-beans-6.2.9.jar:6.2.9]
	at org.springframework.boot.web.servlet.ServletContextInitializerBeans.getOrderedBeansOfType(ServletContextInitializerBeans.java:230) ~[spring-boot-3.5.4.jar:3.5.4]
	at org.springframework.boot.web.servlet.ServletContextInitializerBeans.addAsRegistrationBean(ServletContextInitializerBeans.java:184) ~[spring-boot-3.5.4.jar:3.5.4]
	at org.springframework.boot.web.servlet.ServletContextInitializerBeans.addAsRegistrationBean(ServletContextInitializerBeans.java:179) ~[spring-boot-3.5.4.jar:3.5.4]
	at org.springframework.boot.web.servlet.ServletContextInitializerBeans.addAdaptableBeans(ServletContextInitializerBeans.java:164) ~[spring-boot-3.5.4.jar:3.5.4]
	at org.springframework.boot.web.servlet.ServletContextInitializerBeans.<init>(ServletContextInitializerBeans.java:96) ~[spring-boot-3.5.4.jar:3.5.4]
	at org.springframework.boot.web.servlet.context.ServletWebServerApplicationContext.getServletContextInitializerBeans(ServletWebServerApplicationContext.java:271) ~[spring-boot-3.5.4.jar:3.5.4]
	at org.springframework.boot.web.servlet.context.ServletWebServerApplicationContext.selfInitialize(ServletWebServerApplicationContext.java:245) ~[spring-boot-3.5.4.jar:3.5.4]
	at org.springframework.boot.web.embedded.tomcat.TomcatStarter.onStartup(TomcatStarter.java:52) ~[spring-boot-3.5.4.jar:3.5.4]
	at org.apache.catalina.core.StandardContext.startInternal(StandardContext.java:4464) ~[tomcat-embed-core-10.1.43.jar:10.1.43]
	at org.apache.catalina.util.LifecycleBase.start(LifecycleBase.java:164) ~[tomcat-embed-core-10.1.43.jar:10.1.43]
	at org.apache.catalina.core.ContainerBase$StartChild.call(ContainerBase.java:1203) ~[tomcat-embed-core-10.1.43.jar:10.1.43]
	at org.apache.catalina.core.ContainerBase$StartChild.call(ContainerBase.java:1193) ~[tomcat-embed-core-10.1.43.jar:10.1.43]
	at java.base/java.util.concurrent.FutureTask.run(FutureTask.java:264) ~[na:na]
	at org.apache.tomcat.util.threads.InlineExecutorService.execute(InlineExecutorService.java:75) ~[tomcat-embed-core-10.1.43.jar:10.1.43]
	at java.base/java.util.concurrent.AbstractExecutorService.submit(AbstractExecutorService.java:145) ~[na:na]
	at org.apache.catalina.core.ContainerBase.startInternal(ContainerBase.java:749) ~[tomcat-embed-core-10.1.43.jar:10.1.43]
	at org.apache.catalina.core.StandardHost.startInternal(StandardHost.java:772) ~[tomcat-embed-core-10.1.43.jar:10.1.43]
	at org.apache.catalina.util.LifecycleBase.start(LifecycleBase.java:164) ~[tomcat-embed-core-10.1.43.jar:10.1.43]
	at org.apache.catalina.core.ContainerBase$StartChild.call(ContainerBase.java:1203) ~[tomcat-embed-core-10.1.43.jar:10.1.43]
	at org.apache.catalina.core.ContainerBase$StartChild.call(ContainerBase.java:1193) ~[tomcat-embed-core-10.1.43.jar:10.1.43]
	at java.base/java.util.concurrent.FutureTask.run(FutureTask.java:264) ~[na:na]
	at org.apache.tomcat.util.threads.InlineExecutorService.execute(InlineExecutorService.java:75) ~[tomcat-embed-core-10.1.43.jar:10.1.43]
	at java.base/java.util.concurrent.AbstractExecutorService.submit(AbstractExecutorService.java:145) ~[na:na]
	at org.apache.catalina.core.ContainerBase.startInternal(ContainerBase.java:749) ~[tomcat-embed-core-10.1.43.jar:10.1.43]
	at org.apache.catalina.core.StandardEngine.startInternal(StandardEngine.java:203) ~[tomcat-embed-core-10.1.43.jar:10.1.43]
	at org.apache.catalina.util.LifecycleBase.start(LifecycleBase.java:164) ~[tomcat-embed-core-10.1.43.jar:10.1.43]
	at org.apache.catalina.core.StandardService.startInternal(StandardService.java:412) ~[tomcat-embed-core-10.1.43.jar:10.1.43]
	at org.apache.catalina.util.LifecycleBase.start(LifecycleBase.java:164) ~[tomcat-embed-core-10.1.43.jar:10.1.43]
	at org.apache.catalina.core.StandardServer.startInternal(StandardServer.java:870) ~[tomcat-embed-core-10.1.43.jar:10.1.43]
	at org.apache.catalina.util.LifecycleBase.start(LifecycleBase.java:164) ~[tomcat-embed-core-10.1.43.jar:10.1.43]
	at org.apache.catalina.startup.Tomcat.start(Tomcat.java:438) ~[tomcat-embed-core-10.1.43.jar:10.1.43]
	at org.springframework.boot.web.embedded.tomcat.TomcatWebServer.initialize(TomcatWebServer.java:128) ~[spring-boot-3.5.4.jar:3.5.4]
	at org.springframework.boot.web.embedded.tomcat.TomcatWebServer.<init>(TomcatWebServer.java:107) ~[spring-boot-3.5.4.jar:3.5.4]
	at org.springframework.boot.web.embedded.tomcat.TomcatServletWebServerFactory.getTomcatWebServer(TomcatServletWebServerFactory.java:517) ~[spring-boot-3.5.4.jar:3.5.4]
	at org.springframework.boot.web.embedded.tomcat.TomcatServletWebServerFactory.getWebServer(TomcatServletWebServerFactory.java:219) ~[spring-boot-3.5.4.jar:3.5.4]
	at org.springframework.boot.web.servlet.context.ServletWebServerApplicationContext.createWebServer(ServletWebServerApplicationContext.java:193) ~[spring-boot-3.5.4.jar:3.5.4]
	at org.springframework.boot.web.servlet.context.ServletWebServerApplicationContext.onRefresh(ServletWebServerApplicationContext.java:167) ~[spring-boot-3.5.4.jar:3.5.4]
	at org.springframework.context.support.AbstractApplicationContext.refresh(AbstractApplicationContext.java:621) ~[spring-context-6.2.9.jar:6.2.9]
	at org.springframework.boot.web.servlet.context.ServletWebServerApplicationContext.refresh(ServletWebServerApplicationContext.java:146) ~[spring-boot-3.5.4.jar:3.5.4]
	at org.springframework.boot.SpringApplication.refresh(SpringApplication.java:752) ~[spring-boot-3.5.4.jar:3.5.4]
	at org.springframework.boot.SpringApplication.refreshContext(SpringApplication.java:439) ~[spring-boot-3.5.4.jar:3.5.4]
	at org.springframework.boot.SpringApplication.run(SpringApplication.java:318) ~[spring-boot-3.5.4.jar:3.5.4]
	at org.springframework.boot.SpringApplication.run(SpringApplication.java:1361) ~[spring-boot-3.5.4.jar:3.5.4]
	at org.springframework.boot.SpringApplication.run(SpringApplication.java:1350) ~[spring-boot-3.5.4.jar:3.5.4]
	at com.example.hotel_inventory.HotelInventoryApplication.main(HotelInventoryApplication.java:10) ~[classes/:na]
Caused by: java.sql.SQLSyntaxErrorException: Table 'hotel_inventory.inventory_items' doesn't exist
	at com.mysql.cj.jdbc.exceptions.SQLError.createSQLException(SQLError.java:112) ~[mysql-connector-j-9.3.0.jar:9.3.0]
	at com.mysql.cj.jdbc.exceptions.SQLExceptionsMapping.translateException(SQLExceptionsMapping.java:114) ~[mysql-connector-j-9.3.0.jar:9.3.0]
	at com.mysql.cj.jdbc.StatementImpl.executeInternal(StatementImpl.java:837) ~[mysql-connector-j-9.3.0.jar:9.3.0]
	at com.mysql.cj.jdbc.StatementImpl.execute(StatementImpl.java:685) ~[mysql-connector-j-9.3.0.jar:9.3.0]
	at com.zaxxer.hikari.pool.ProxyStatement.execute(ProxyStatement.java:95) ~[HikariCP-6.3.1.jar:na]
	at com.zaxxer.hikari.pool.HikariProxyStatement.execute(HikariProxyStatement.java) ~[HikariCP-6.3.1.jar:na]
	at org.hibernate.tool.schema.internal.exec.GenerationTargetToDatabase.accept(GenerationTargetToDatabase.java:80) ~[hibernate-core-6.6.22.Final.jar:6.6.22.Final]
	... 110 common frames omitted

2025-08-26T12:53:11.671+05:30 DEBUG 9676 --- [hotel-inventory] [           main] org.hibernate.SQL                        : 
    alter table inventory_items 
       drop 
       foreign key FKemobv715cd6hrjkbalef7vvuf
Hibernate: 
    alter table inventory_items 
       drop 
       foreign key FKemobv715cd6hrjkbalef7vvuf
2025-08-26T12:53:11.672+05:30  WARN 9676 --- [hotel-inventory] [           main] o.h.t.s.i.ExceptionHandlerLoggedImpl     : GenerationTarget encountered exception accepting command : Error executing DDL "
    alter table inventory_items 
       drop 
       foreign key FKemobv715cd6hrjkbalef7vvuf" via JDBC [Table 'hotel_inventory.inventory_items' doesn't exist]

org.hibernate.tool.schema.spi.CommandAcceptanceException: Error executing DDL "
    alter table inventory_items 
       drop 
       foreign key FKemobv715cd6hrjkbalef7vvuf" via JDBC [Table 'hotel_inventory.inventory_items' doesn't exist]
	at org.hibernate.tool.schema.internal.exec.GenerationTargetToDatabase.accept(GenerationTargetToDatabase.java:94) ~[hibernate-core-6.6.22.Final.jar:6.6.22.Final]
	at org.hibernate.tool.schema.internal.Helper.applySqlString(Helper.java:233) ~[hibernate-core-6.6.22.Final.jar:6.6.22.Final]
	at org.hibernate.tool.schema.internal.Helper.applySqlStrings(Helper.java:217) ~[hibernate-core-6.6.22.Final.jar:6.6.22.Final]
	at org.hibernate.tool.schema.internal.SchemaDropperImpl.applyConstraintDropping(SchemaDropperImpl.java:479) ~[hibernate-core-6.6.22.Final.jar:6.6.22.Final]
	at org.hibernate.tool.schema.internal.SchemaDropperImpl.dropConstraintsTablesSequences(SchemaDropperImpl.java:245) ~[hibernate-core-6.6.22.Final.jar:6.6.22.Final]
	at org.hibernate.tool.schema.internal.SchemaDropperImpl.dropFromMetadata(SchemaDropperImpl.java:218) ~[hibernate-core-6.6.22.Final.jar:6.6.22.Final]
	at org.hibernate.tool.schema.internal.SchemaDropperImpl.performDrop(SchemaDropperImpl.java:186) ~[hibernate-core-6.6.22.Final.jar:6.6.22.Final]
	at org.hibernate.tool.schema.internal.SchemaDropperImpl.doDrop(SchemaDropperImpl.java:156) ~[hibernate-core-6.6.22.Final.jar:6.6.22.Final]
	at org.hibernate.tool.schema.internal.SchemaDropperImpl.doDrop(SchemaDropperImpl.java:116) ~[hibernate-core-6.6.22.Final.jar:6.6.22.Final]
	at org.hibernate.tool.schema.spi.SchemaManagementToolCoordinator.performDatabaseAction(SchemaManagementToolCoordinator.java:238) ~[hibernate-core-6.6.22.Final.jar:6.6.22.Final]
	at org.hibernate.tool.schema.spi.SchemaManagementToolCoordinator.lambda$process$5(SchemaManagementToolCoordinator.java:144) ~[hibernate-core-6.6.22.Final.jar:6.6.22.Final]
	at java.base/java.util.HashMap.forEach(HashMap.java:1421) ~[na:na]
	at org.hibernate.tool.schema.spi.SchemaManagementToolCoordinator.process(SchemaManagementToolCoordinator.java:141) ~[hibernate-core-6.6.22.Final.jar:6.6.22.Final]
	at org.hibernate.boot.internal.SessionFactoryObserverForSchemaExport.sessionFactoryCreated(SessionFactoryObserverForSchemaExport.java:37) ~[hibernate-core-6.6.22.Final.jar:6.6.22.Final]
	at org.hibernate.internal.SessionFactoryObserverChain.sessionFactoryCreated(SessionFactoryObserverChain.java:35) ~[hibernate-core-6.6.22.Final.jar:6.6.22.Final]
	at org.hibernate.internal.SessionFactoryImpl.<init>(SessionFactoryImpl.java:324) ~[hibernate-core-6.6.22.Final.jar:6.6.22.Final]
	at org.hibernate.boot.internal.SessionFactoryBuilderImpl.build(SessionFactoryBuilderImpl.java:463) ~[hibernate-core-6.6.22.Final.jar:6.6.22.Final]
	at org.hibernate.jpa.boot.internal.EntityManagerFactoryBuilderImpl.build(EntityManagerFactoryBuilderImpl.java:1517) ~[hibernate-core-6.6.22.Final.jar:6.6.22.Final]
	at org.springframework.orm.jpa.vendor.SpringHibernateJpaPersistenceProvider.createContainerEntityManagerFactory(SpringHibernateJpaPersistenceProvider.java:66) ~[spring-orm-6.2.9.jar:6.2.9]
	at org.springframework.orm.jpa.LocalContainerEntityManagerFactoryBean.createNativeEntityManagerFactory(LocalContainerEntityManagerFactoryBean.java:390) ~[spring-orm-6.2.9.jar:6.2.9]
	at org.springframework.orm.jpa.AbstractEntityManagerFactoryBean.buildNativeEntityManagerFactory(AbstractEntityManagerFactoryBean.java:419) ~[spring-orm-6.2.9.jar:6.2.9]
	at org.springframework.orm.jpa.AbstractEntityManagerFactoryBean.afterPropertiesSet(AbstractEntityManagerFactoryBean.java:400) ~[spring-orm-6.2.9.jar:6.2.9]
	at org.springframework.orm.jpa.LocalContainerEntityManagerFactoryBean.afterPropertiesSet(LocalContainerEntityManagerFactoryBean.java:366) ~[spring-orm-6.2.9.jar:6.2.9]
	at org.springframework.beans.factory.support.AbstractAutowireCapableBeanFactory.invokeInitMethods(AbstractAutowireCapableBeanFactory.java:1873) ~[spring-beans-6.2.9.jar:6.2.9]
	at org.springframework.beans.factory.support.AbstractAutowireCapableBeanFactory.initializeBean(AbstractAutowireCapableBeanFactory.java:1822) ~[spring-beans-6.2.9.jar:6.2.9]
	at org.springframework.beans.factory.support.AbstractAutowireCapableBeanFactory.doCreateBean(AbstractAutowireCapableBeanFactory.java:607) ~[spring-beans-6.2.9.jar:6.2.9]
	at org.springframework.beans.factory.support.AbstractAutowireCapableBeanFactory.createBean(AbstractAutowireCapableBeanFactory.java:529) ~[spring-beans-6.2.9.jar:6.2.9]
	at org.springframework.beans.factory.support.AbstractBeanFactory.lambda$doGetBean$0(AbstractBeanFactory.java:339) ~[spring-beans-6.2.9.jar:6.2.9]
	at org.springframework.beans.factory.support.DefaultSingletonBeanRegistry.getSingleton(DefaultSingletonBeanRegistry.java:373) ~[spring-beans-6.2.9.jar:6.2.9]
	at org.springframework.beans.factory.support.AbstractBeanFactory.doGetBean(AbstractBeanFactory.java:337) ~[spring-beans-6.2.9.jar:6.2.9]
	at org.springframework.beans.factory.support.AbstractBeanFactory.getBean(AbstractBeanFactory.java:202) ~[spring-beans-6.2.9.jar:6.2.9]
	at org.springframework.beans.factory.support.BeanDefinitionValueResolver.resolveReference(BeanDefinitionValueResolver.java:365) ~[spring-beans-6.2.9.jar:6.2.9]
	at org.springframework.beans.factory.support.BeanDefinitionValueResolver.resolveValueIfNecessary(BeanDefinitionValueResolver.java:135) ~[spring-beans-6.2.9.jar:6.2.9]
	at org.springframework.beans.factory.support.ConstructorResolver.resolveConstructorArguments(ConstructorResolver.java:691) ~[spring-beans-6.2.9.jar:6.2.9]
	at org.springframework.beans.factory.support.ConstructorResolver.instantiateUsingFactoryMethod(ConstructorResolver.java:513) ~[spring-beans-6.2.9.jar:6.2.9]
	at org.springframework.beans.factory.support.AbstractAutowireCapableBeanFactory.instantiateUsingFactoryMethod(AbstractAutowireCapableBeanFactory.java:1375) ~[spring-beans-6.2.9.jar:6.2.9]
	at org.springframework.beans.factory.support.AbstractAutowireCapableBeanFactory.createBeanInstance(AbstractAutowireCapableBeanFactory.java:1205) ~[spring-beans-6.2.9.jar:6.2.9]
	at org.springframework.beans.factory.support.AbstractAutowireCapableBeanFactory.doCreateBean(AbstractAutowireCapableBeanFactory.java:569) ~[spring-beans-6.2.9.jar:6.2.9]
	at org.springframework.beans.factory.support.AbstractAutowireCapableBeanFactory.createBean(AbstractAutowireCapableBeanFactory.java:529) ~[spring-beans-6.2.9.jar:6.2.9]
	at org.springframework.beans.factory.support.AbstractBeanFactory.lambda$doGetBean$0(AbstractBeanFactory.java:339) ~[spring-beans-6.2.9.jar:6.2.9]
	at org.springframework.beans.factory.support.DefaultSingletonBeanRegistry.getSingleton(DefaultSingletonBeanRegistry.java:373) ~[spring-beans-6.2.9.jar:6.2.9]
	at org.springframework.beans.factory.support.AbstractBeanFactory.doGetBean(AbstractBeanFactory.java:337) ~[spring-beans-6.2.9.jar:6.2.9]
	at org.springframework.beans.factory.support.AbstractBeanFactory.getBean(AbstractBeanFactory.java:202) ~[spring-beans-6.2.9.jar:6.2.9]
	at org.springframework.beans.factory.support.BeanDefinitionValueResolver.resolveReference(BeanDefinitionValueResolver.java:365) ~[spring-beans-6.2.9.jar:6.2.9]
	at org.springframework.beans.factory.support.BeanDefinitionValueResolver.resolveValueIfNecessary(BeanDefinitionValueResolver.java:135) ~[spring-beans-6.2.9.jar:6.2.9]
	at org.springframework.beans.factory.support.AbstractAutowireCapableBeanFactory.applyPropertyValues(AbstractAutowireCapableBeanFactory.java:1725) ~[spring-beans-6.2.9.jar:6.2.9]
	at org.springframework.beans.factory.support.AbstractAutowireCapableBeanFactory.populateBean(AbstractAutowireCapableBeanFactory.java:1474) ~[spring-beans-6.2.9.jar:6.2.9]
	at org.springframework.beans.factory.support.AbstractAutowireCapableBeanFactory.doCreateBean(AbstractAutowireCapableBeanFactory.java:606) ~[spring-beans-6.2.9.jar:6.2.9]
	at org.springframework.beans.factory.support.AbstractAutowireCapableBeanFactory.createBean(AbstractAutowireCapableBeanFactory.java:529) ~[spring-beans-6.2.9.jar:6.2.9]
	at org.springframework.beans.factory.support.AbstractBeanFactory.lambda$doGetBean$0(AbstractBeanFactory.java:339) ~[spring-beans-6.2.9.jar:6.2.9]
	at org.springframework.beans.factory.support.DefaultSingletonBeanRegistry.getSingleton(DefaultSingletonBeanRegistry.java:373) ~[spring-beans-6.2.9.jar:6.2.9]
	at org.springframework.beans.factory.support.AbstractBeanFactory.doGetBean(AbstractBeanFactory.java:337) ~[spring-beans-6.2.9.jar:6.2.9]
	at org.springframework.beans.factory.support.AbstractBeanFactory.getBean(AbstractBeanFactory.java:202) ~[spring-beans-6.2.9.jar:6.2.9]
	at org.springframework.beans.factory.support.DefaultListableBeanFactory.doResolveDependency(DefaultListableBeanFactory.java:1683) ~[spring-beans-6.2.9.jar:6.2.9]
	at org.springframework.beans.factory.support.DefaultListableBeanFactory.resolveDependency(DefaultListableBeanFactory.java:1628) ~[spring-beans-6.2.9.jar:6.2.9]
	at org.springframework.beans.factory.annotation.AutowiredAnnotationBeanPostProcessor$AutowiredFieldElement.resolveFieldValue(AutowiredAnnotationBeanPostProcessor.java:785) ~[spring-beans-6.2.9.jar:6.2.9]
	at org.springframework.beans.factory.annotation.AutowiredAnnotationBeanPostProcessor$AutowiredFieldElement.inject(AutowiredAnnotationBeanPostProcessor.java:768) ~[spring-beans-6.2.9.jar:6.2.9]
	at org.springframework.beans.factory.annotation.InjectionMetadata.inject(InjectionMetadata.java:146) ~[spring-beans-6.2.9.jar:6.2.9]
	at org.springframework.beans.factory.annotation.AutowiredAnnotationBeanPostProcessor.postProcessProperties(AutowiredAnnotationBeanPostProcessor.java:509) ~[spring-beans-6.2.9.jar:6.2.9]
	at org.springframework.beans.factory.support.AbstractAutowireCapableBeanFactory.populateBean(AbstractAutowireCapableBeanFactory.java:1459) ~[spring-beans-6.2.9.jar:6.2.9]
	at org.springframework.beans.factory.support.AbstractAutowireCapableBeanFactory.doCreateBean(AbstractAutowireCapableBeanFactory.java:606) ~[spring-beans-6.2.9.jar:6.2.9]
	at org.springframework.beans.factory.support.AbstractAutowireCapableBeanFactory.createBean(AbstractAutowireCapableBeanFactory.java:529) ~[spring-beans-6.2.9.jar:6.2.9]
	at org.springframework.beans.factory.support.AbstractBeanFactory.lambda$doGetBean$0(AbstractBeanFactory.java:339) ~[spring-beans-6.2.9.jar:6.2.9]
	at org.springframework.beans.factory.support.DefaultSingletonBeanRegistry.getSingleton(DefaultSingletonBeanRegistry.java:373) ~[spring-beans-6.2.9.jar:6.2.9]
	at org.springframework.beans.factory.support.AbstractBeanFactory.doGetBean(AbstractBeanFactory.java:337) ~[spring-beans-6.2.9.jar:6.2.9]
	at org.springframework.beans.factory.support.AbstractBeanFactory.getBean(AbstractBeanFactory.java:207) ~[spring-beans-6.2.9.jar:6.2.9]
	at org.springframework.boot.web.servlet.ServletContextInitializerBeans.getOrderedBeansOfType(ServletContextInitializerBeans.java:230) ~[spring-boot-3.5.4.jar:3.5.4]
	at org.springframework.boot.web.servlet.ServletContextInitializerBeans.addAsRegistrationBean(ServletContextInitializerBeans.java:184) ~[spring-boot-3.5.4.jar:3.5.4]
	at org.springframework.boot.web.servlet.ServletContextInitializerBeans.addAsRegistrationBean(ServletContextInitializerBeans.java:179) ~[spring-boot-3.5.4.jar:3.5.4]
	at org.springframework.boot.web.servlet.ServletContextInitializerBeans.addAdaptableBeans(ServletContextInitializerBeans.java:164) ~[spring-boot-3.5.4.jar:3.5.4]
	at org.springframework.boot.web.servlet.ServletContextInitializerBeans.<init>(ServletContextInitializerBeans.java:96) ~[spring-boot-3.5.4.jar:3.5.4]
	at org.springframework.boot.web.servlet.context.ServletWebServerApplicationContext.getServletContextInitializerBeans(ServletWebServerApplicationContext.java:271) ~[spring-boot-3.5.4.jar:3.5.4]
	at org.springframework.boot.web.servlet.context.ServletWebServerApplicationContext.selfInitialize(ServletWebServerApplicationContext.java:245) ~[spring-boot-3.5.4.jar:3.5.4]
	at org.springframework.boot.web.embedded.tomcat.TomcatStarter.onStartup(TomcatStarter.java:52) ~[spring-boot-3.5.4.jar:3.5.4]
	at org.apache.catalina.core.StandardContext.startInternal(StandardContext.java:4464) ~[tomcat-embed-core-10.1.43.jar:10.1.43]
	at org.apache.catalina.util.LifecycleBase.start(LifecycleBase.java:164) ~[tomcat-embed-core-10.1.43.jar:10.1.43]
	at org.apache.catalina.core.ContainerBase$StartChild.call(ContainerBase.java:1203) ~[tomcat-embed-core-10.1.43.jar:10.1.43]
	at org.apache.catalina.core.ContainerBase$StartChild.call(ContainerBase.java:1193) ~[tomcat-embed-core-10.1.43.jar:10.1.43]
	at java.base/java.util.concurrent.FutureTask.run(FutureTask.java:264) ~[na:na]
	at org.apache.tomcat.util.threads.InlineExecutorService.execute(InlineExecutorService.java:75) ~[tomcat-embed-core-10.1.43.jar:10.1.43]
	at java.base/java.util.concurrent.AbstractExecutorService.submit(AbstractExecutorService.java:145) ~[na:na]
	at org.apache.catalina.core.ContainerBase.startInternal(ContainerBase.java:749) ~[tomcat-embed-core-10.1.43.jar:10.1.43]
	at org.apache.catalina.core.StandardHost.startInternal(StandardHost.java:772) ~[tomcat-embed-core-10.1.43.jar:10.1.43]
	at org.apache.catalina.util.LifecycleBase.start(LifecycleBase.java:164) ~[tomcat-embed-core-10.1.43.jar:10.1.43]
	at org.apache.catalina.core.ContainerBase$StartChild.call(ContainerBase.java:1203) ~[tomcat-embed-core-10.1.43.jar:10.1.43]
	at org.apache.catalina.core.ContainerBase$StartChild.call(ContainerBase.java:1193) ~[tomcat-embed-core-10.1.43.jar:10.1.43]
	at java.base/java.util.concurrent.FutureTask.run(FutureTask.java:264) ~[na:na]
	at org.apache.tomcat.util.threads.InlineExecutorService.execute(InlineExecutorService.java:75) ~[tomcat-embed-core-10.1.43.jar:10.1.43]
	at java.base/java.util.concurrent.AbstractExecutorService.submit(AbstractExecutorService.java:145) ~[na:na]
	at org.apache.catalina.core.ContainerBase.startInternal(ContainerBase.java:749) ~[tomcat-embed-core-10.1.43.jar:10.1.43]
	at org.apache.catalina.core.StandardEngine.startInternal(StandardEngine.java:203) ~[tomcat-embed-core-10.1.43.jar:10.1.43]
	at org.apache.catalina.util.LifecycleBase.start(LifecycleBase.java:164) ~[tomcat-embed-core-10.1.43.jar:10.1.43]
	at org.apache.catalina.core.StandardService.startInternal(StandardService.java:412) ~[tomcat-embed-core-10.1.43.jar:10.1.43]
	at org.apache.catalina.util.LifecycleBase.start(LifecycleBase.java:164) ~[tomcat-embed-core-10.1.43.jar:10.1.43]
	at org.apache.catalina.core.StandardServer.startInternal(StandardServer.java:870) ~[tomcat-embed-core-10.1.43.jar:10.1.43]
	at org.apache.catalina.util.LifecycleBase.start(LifecycleBase.java:164) ~[tomcat-embed-core-10.1.43.jar:10.1.43]
	at org.apache.catalina.startup.Tomcat.start(Tomcat.java:438) ~[tomcat-embed-core-10.1.43.jar:10.1.43]
	at org.springframework.boot.web.embedded.tomcat.TomcatWebServer.initialize(TomcatWebServer.java:128) ~[spring-boot-3.5.4.jar:3.5.4]
	at org.springframework.boot.web.embedded.tomcat.TomcatWebServer.<init>(TomcatWebServer.java:107) ~[spring-boot-3.5.4.jar:3.5.4]
	at org.springframework.boot.web.embedded.tomcat.TomcatServletWebServerFactory.getTomcatWebServer(TomcatServletWebServerFactory.java:517) ~[spring-boot-3.5.4.jar:3.5.4]
	at org.springframework.boot.web.embedded.tomcat.TomcatServletWebServerFactory.getWebServer(TomcatServletWebServerFactory.java:219) ~[spring-boot-3.5.4.jar:3.5.4]
	at org.springframework.boot.web.servlet.context.ServletWebServerApplicationContext.createWebServer(ServletWebServerApplicationContext.java:193) ~[spring-boot-3.5.4.jar:3.5.4]
	at org.springframework.boot.web.servlet.context.ServletWebServerApplicationContext.onRefresh(ServletWebServerApplicationContext.java:167) ~[spring-boot-3.5.4.jar:3.5.4]
	at org.springframework.context.support.AbstractApplicationContext.refresh(AbstractApplicationContext.java:621) ~[spring-context-6.2.9.jar:6.2.9]
	at org.springframework.boot.web.servlet.context.ServletWebServerApplicationContext.refresh(ServletWebServerApplicationContext.java:146) ~[spring-boot-3.5.4.jar:3.5.4]
	at org.springframework.boot.SpringApplication.refresh(SpringApplication.java:752) ~[spring-boot-3.5.4.jar:3.5.4]
	at org.springframework.boot.SpringApplication.refreshContext(SpringApplication.java:439) ~[spring-boot-3.5.4.jar:3.5.4]
	at org.springframework.boot.SpringApplication.run(SpringApplication.java:318) ~[spring-boot-3.5.4.jar:3.5.4]
	at org.springframework.boot.SpringApplication.run(SpringApplication.java:1361) ~[spring-boot-3.5.4.jar:3.5.4]
	at org.springframework.boot.SpringApplication.run(SpringApplication.java:1350) ~[spring-boot-3.5.4.jar:3.5.4]
	at com.example.hotel_inventory.HotelInventoryApplication.main(HotelInventoryApplication.java:10) ~[classes/:na]
Caused by: java.sql.SQLSyntaxErrorException: Table 'hotel_inventory.inventory_items' doesn't exist
	at com.mysql.cj.jdbc.exceptions.SQLError.createSQLException(SQLError.java:112) ~[mysql-connector-j-9.3.0.jar:9.3.0]
	at com.mysql.cj.jdbc.exceptions.SQLExceptionsMapping.translateException(SQLExceptionsMapping.java:114) ~[mysql-connector-j-9.3.0.jar:9.3.0]
	at com.mysql.cj.jdbc.StatementImpl.executeInternal(StatementImpl.java:837) ~[mysql-connector-j-9.3.0.jar:9.3.0]
	at com.mysql.cj.jdbc.StatementImpl.execute(StatementImpl.java:685) ~[mysql-connector-j-9.3.0.jar:9.3.0]
	at com.zaxxer.hikari.pool.ProxyStatement.execute(ProxyStatement.java:95) ~[HikariCP-6.3.1.jar:na]
	at com.zaxxer.hikari.pool.HikariProxyStatement.execute(HikariProxyStatement.java) ~[HikariCP-6.3.1.jar:na]
	at org.hibernate.tool.schema.internal.exec.GenerationTargetToDatabase.accept(GenerationTargetToDatabase.java:80) ~[hibernate-core-6.6.22.Final.jar:6.6.22.Final]
	... 110 common frames omitted

2025-08-26T12:53:11.673+05:30 DEBUG 9676 --- [hotel-inventory] [           main] org.hibernate.SQL                        : 
    alter table item_requests 
       drop 
       foreign key FKc4lk47schye4mldbfrqn1wd2p
Hibernate: 
    alter table item_requests 
       drop 
       foreign key FKc4lk47schye4mldbfrqn1wd2p
2025-08-26T12:53:11.674+05:30  WARN 9676 --- [hotel-inventory] [           main] o.h.t.s.i.ExceptionHandlerLoggedImpl     : GenerationTarget encountered exception accepting command : Error executing DDL "
    alter table item_requests 
       drop 
       foreign key FKc4lk47schye4mldbfrqn1wd2p" via JDBC [Table 'hotel_inventory.item_requests' doesn't exist]

org.hibernate.tool.schema.spi.CommandAcceptanceException: Error executing DDL "
    alter table item_requests 
       drop 
       foreign key FKc4lk47schye4mldbfrqn1wd2p" via JDBC [Table 'hotel_inventory.item_requests' doesn't exist]
	at org.hibernate.tool.schema.internal.exec.GenerationTargetToDatabase.accept(GenerationTargetToDatabase.java:94) ~[hibernate-core-6.6.22.Final.jar:6.6.22.Final]
	at org.hibernate.tool.schema.internal.Helper.applySqlString(Helper.java:233) ~[hibernate-core-6.6.22.Final.jar:6.6.22.Final]
	at org.hibernate.tool.schema.internal.Helper.applySqlStrings(Helper.java:217) ~[hibernate-core-6.6.22.Final.jar:6.6.22.Final]
	at org.hibernate.tool.schema.internal.SchemaDropperImpl.applyConstraintDropping(SchemaDropperImpl.java:479) ~[hibernate-core-6.6.22.Final.jar:6.6.22.Final]
	at org.hibernate.tool.schema.internal.SchemaDropperImpl.dropConstraintsTablesSequences(SchemaDropperImpl.java:245) ~[hibernate-core-6.6.22.Final.jar:6.6.22.Final]
	at org.hibernate.tool.schema.internal.SchemaDropperImpl.dropFromMetadata(SchemaDropperImpl.java:218) ~[hibernate-core-6.6.22.Final.jar:6.6.22.Final]
	at org.hibernate.tool.schema.internal.SchemaDropperImpl.performDrop(SchemaDropperImpl.java:186) ~[hibernate-core-6.6.22.Final.jar:6.6.22.Final]
	at org.hibernate.tool.schema.internal.SchemaDropperImpl.doDrop(SchemaDropperImpl.java:156) ~[hibernate-core-6.6.22.Final.jar:6.6.22.Final]
	at org.hibernate.tool.schema.internal.SchemaDropperImpl.doDrop(SchemaDropperImpl.java:116) ~[hibernate-core-6.6.22.Final.jar:6.6.22.Final]
	at org.hibernate.tool.schema.spi.SchemaManagementToolCoordinator.performDatabaseAction(SchemaManagementToolCoordinator.java:238) ~[hibernate-core-6.6.22.Final.jar:6.6.22.Final]
	at org.hibernate.tool.schema.spi.SchemaManagementToolCoordinator.lambda$process$5(SchemaManagementToolCoordinator.java:144) ~[hibernate-core-6.6.22.Final.jar:6.6.22.Final]
	at java.base/java.util.HashMap.forEach(HashMap.java:1421) ~[na:na]
	at org.hibernate.tool.schema.spi.SchemaManagementToolCoordinator.process(SchemaManagementToolCoordinator.java:141) ~[hibernate-core-6.6.22.Final.jar:6.6.22.Final]
	at org.hibernate.boot.internal.SessionFactoryObserverForSchemaExport.sessionFactoryCreated(SessionFactoryObserverForSchemaExport.java:37) ~[hibernate-core-6.6.22.Final.jar:6.6.22.Final]
	at org.hibernate.internal.SessionFactoryObserverChain.sessionFactoryCreated(SessionFactoryObserverChain.java:35) ~[hibernate-core-6.6.22.Final.jar:6.6.22.Final]
	at org.hibernate.internal.SessionFactoryImpl.<init>(SessionFactoryImpl.java:324) ~[hibernate-core-6.6.22.Final.jar:6.6.22.Final]
	at org.hibernate.boot.internal.SessionFactoryBuilderImpl.build(SessionFactoryBuilderImpl.java:463) ~[hibernate-core-6.6.22.Final.jar:6.6.22.Final]
	at org.hibernate.jpa.boot.internal.EntityManagerFactoryBuilderImpl.build(EntityManagerFactoryBuilderImpl.java:1517) ~[hibernate-core-6.6.22.Final.jar:6.6.22.Final]
	at org.springframework.orm.jpa.vendor.SpringHibernateJpaPersistenceProvider.createContainerEntityManagerFactory(SpringHibernateJpaPersistenceProvider.java:66) ~[spring-orm-6.2.9.jar:6.2.9]
	at org.springframework.orm.jpa.LocalContainerEntityManagerFactoryBean.createNativeEntityManagerFactory(LocalContainerEntityManagerFactoryBean.java:390) ~[spring-orm-6.2.9.jar:6.2.9]
	at org.springframework.orm.jpa.AbstractEntityManagerFactoryBean.buildNativeEntityManagerFactory(AbstractEntityManagerFactoryBean.java:419) ~[spring-orm-6.2.9.jar:6.2.9]
	at org.springframework.orm.jpa.AbstractEntityManagerFactoryBean.afterPropertiesSet(AbstractEntityManagerFactoryBean.java:400) ~[spring-orm-6.2.9.jar:6.2.9]
	at org.springframework.orm.jpa.LocalContainerEntityManagerFactoryBean.afterPropertiesSet(LocalContainerEntityManagerFactoryBean.java:366) ~[spring-orm-6.2.9.jar:6.2.9]
	at org.springframework.beans.factory.support.AbstractAutowireCapableBeanFactory.invokeInitMethods(AbstractAutowireCapableBeanFactory.java:1873) ~[spring-beans-6.2.9.jar:6.2.9]
	at org.springframework.beans.factory.support.AbstractAutowireCapableBeanFactory.initializeBean(AbstractAutowireCapableBeanFactory.java:1822) ~[spring-beans-6.2.9.jar:6.2.9]
	at org.springframework.beans.factory.support.AbstractAutowireCapableBeanFactory.doCreateBean(AbstractAutowireCapableBeanFactory.java:607) ~[spring-beans-6.2.9.jar:6.2.9]
	at org.springframework.beans.factory.support.AbstractAutowireCapableBeanFactory.createBean(AbstractAutowireCapableBeanFactory.java:529) ~[spring-beans-6.2.9.jar:6.2.9]
	at org.springframework.beans.factory.support.AbstractBeanFactory.lambda$doGetBean$0(AbstractBeanFactory.java:339) ~[spring-beans-6.2.9.jar:6.2.9]
	at org.springframework.beans.factory.support.DefaultSingletonBeanRegistry.getSingleton(DefaultSingletonBeanRegistry.java:373) ~[spring-beans-6.2.9.jar:6.2.9]
	at org.springframework.beans.factory.support.AbstractBeanFactory.doGetBean(AbstractBeanFactory.java:337) ~[spring-beans-6.2.9.jar:6.2.9]
	at org.springframework.beans.factory.support.AbstractBeanFactory.getBean(AbstractBeanFactory.java:202) ~[spring-beans-6.2.9.jar:6.2.9]
	at org.springframework.beans.factory.support.BeanDefinitionValueResolver.resolveReference(BeanDefinitionValueResolver.java:365) ~[spring-beans-6.2.9.jar:6.2.9]
	at org.springframework.beans.factory.support.BeanDefinitionValueResolver.resolveValueIfNecessary(BeanDefinitionValueResolver.java:135) ~[spring-beans-6.2.9.jar:6.2.9]
	at org.springframework.beans.factory.support.ConstructorResolver.resolveConstructorArguments(ConstructorResolver.java:691) ~[spring-beans-6.2.9.jar:6.2.9]
	at org.springframework.beans.factory.support.ConstructorResolver.instantiateUsingFactoryMethod(ConstructorResolver.java:513) ~[spring-beans-6.2.9.jar:6.2.9]
	at org.springframework.beans.factory.support.AbstractAutowireCapableBeanFactory.instantiateUsingFactoryMethod(AbstractAutowireCapableBeanFactory.java:1375) ~[spring-beans-6.2.9.jar:6.2.9]
	at org.springframework.beans.factory.support.AbstractAutowireCapableBeanFactory.createBeanInstance(AbstractAutowireCapableBeanFactory.java:1205) ~[spring-beans-6.2.9.jar:6.2.9]
	at org.springframework.beans.factory.support.AbstractAutowireCapableBeanFactory.doCreateBean(AbstractAutowireCapableBeanFactory.java:569) ~[spring-beans-6.2.9.jar:6.2.9]
	at org.springframework.beans.factory.support.AbstractAutowireCapableBeanFactory.createBean(AbstractAutowireCapableBeanFactory.java:529) ~[spring-beans-6.2.9.jar:6.2.9]
	at org.springframework.beans.factory.support.AbstractBeanFactory.lambda$doGetBean$0(AbstractBeanFactory.java:339) ~[spring-beans-6.2.9.jar:6.2.9]
	at org.springframework.beans.factory.support.DefaultSingletonBeanRegistry.getSingleton(DefaultSingletonBeanRegistry.java:373) ~[spring-beans-6.2.9.jar:6.2.9]
	at org.springframework.beans.factory.support.AbstractBeanFactory.doGetBean(AbstractBeanFactory.java:337) ~[spring-beans-6.2.9.jar:6.2.9]
	at org.springframework.beans.factory.support.AbstractBeanFactory.getBean(AbstractBeanFactory.java:202) ~[spring-beans-6.2.9.jar:6.2.9]
	at org.springframework.beans.factory.support.BeanDefinitionValueResolver.resolveReference(BeanDefinitionValueResolver.java:365) ~[spring-beans-6.2.9.jar:6.2.9]
	at org.springframework.beans.factory.support.BeanDefinitionValueResolver.resolveValueIfNecessary(BeanDefinitionValueResolver.java:135) ~[spring-beans-6.2.9.jar:6.2.9]
	at org.springframework.beans.factory.support.AbstractAutowireCapableBeanFactory.applyPropertyValues(AbstractAutowireCapableBeanFactory.java:1725) ~[spring-beans-6.2.9.jar:6.2.9]
	at org.springframework.beans.factory.support.AbstractAutowireCapableBeanFactory.populateBean(AbstractAutowireCapableBeanFactory.java:1474) ~[spring-beans-6.2.9.jar:6.2.9]
	at org.springframework.beans.factory.support.AbstractAutowireCapableBeanFactory.doCreateBean(AbstractAutowireCapableBeanFactory.java:606) ~[spring-beans-6.2.9.jar:6.2.9]
	at org.springframework.beans.factory.support.AbstractAutowireCapableBeanFactory.createBean(AbstractAutowireCapableBeanFactory.java:529) ~[spring-beans-6.2.9.jar:6.2.9]
	at org.springframework.beans.factory.support.AbstractBeanFactory.lambda$doGetBean$0(AbstractBeanFactory.java:339) ~[spring-beans-6.2.9.jar:6.2.9]
	at org.springframework.beans.factory.support.DefaultSingletonBeanRegistry.getSingleton(DefaultSingletonBeanRegistry.java:373) ~[spring-beans-6.2.9.jar:6.2.9]
	at org.springframework.beans.factory.support.AbstractBeanFactory.doGetBean(AbstractBeanFactory.java:337) ~[spring-beans-6.2.9.jar:6.2.9]
	at org.springframework.beans.factory.support.AbstractBeanFactory.getBean(AbstractBeanFactory.java:202) ~[spring-beans-6.2.9.jar:6.2.9]
	at org.springframework.beans.factory.support.DefaultListableBeanFactory.doResolveDependency(DefaultListableBeanFactory.java:1683) ~[spring-beans-6.2.9.jar:6.2.9]
	at org.springframework.beans.factory.support.DefaultListableBeanFactory.resolveDependency(DefaultListableBeanFactory.java:1628) ~[spring-beans-6.2.9.jar:6.2.9]
	at org.springframework.beans.factory.annotation.AutowiredAnnotationBeanPostProcessor$AutowiredFieldElement.resolveFieldValue(AutowiredAnnotationBeanPostProcessor.java:785) ~[spring-beans-6.2.9.jar:6.2.9]
	at org.springframework.beans.factory.annotation.AutowiredAnnotationBeanPostProcessor$AutowiredFieldElement.inject(AutowiredAnnotationBeanPostProcessor.java:768) ~[spring-beans-6.2.9.jar:6.2.9]
	at org.springframework.beans.factory.annotation.InjectionMetadata.inject(InjectionMetadata.java:146) ~[spring-beans-6.2.9.jar:6.2.9]
	at org.springframework.beans.factory.annotation.AutowiredAnnotationBeanPostProcessor.postProcessProperties(AutowiredAnnotationBeanPostProcessor.java:509) ~[spring-beans-6.2.9.jar:6.2.9]
	at org.springframework.beans.factory.support.AbstractAutowireCapableBeanFactory.populateBean(AbstractAutowireCapableBeanFactory.java:1459) ~[spring-beans-6.2.9.jar:6.2.9]
	at org.springframework.beans.factory.support.AbstractAutowireCapableBeanFactory.doCreateBean(AbstractAutowireCapableBeanFactory.java:606) ~[spring-beans-6.2.9.jar:6.2.9]
	at org.springframework.beans.factory.support.AbstractAutowireCapableBeanFactory.createBean(AbstractAutowireCapableBeanFactory.java:529) ~[spring-beans-6.2.9.jar:6.2.9]
	at org.springframework.beans.factory.support.AbstractBeanFactory.lambda$doGetBean$0(AbstractBeanFactory.java:339) ~[spring-beans-6.2.9.jar:6.2.9]
	at org.springframework.beans.factory.support.DefaultSingletonBeanRegistry.getSingleton(DefaultSingletonBeanRegistry.java:373) ~[spring-beans-6.2.9.jar:6.2.9]
	at org.springframework.beans.factory.support.AbstractBeanFactory.doGetBean(AbstractBeanFactory.java:337) ~[spring-beans-6.2.9.jar:6.2.9]
	at org.springframework.beans.factory.support.AbstractBeanFactory.getBean(AbstractBeanFactory.java:207) ~[spring-beans-6.2.9.jar:6.2.9]
	at org.springframework.boot.web.servlet.ServletContextInitializerBeans.getOrderedBeansOfType(ServletContextInitializerBeans.java:230) ~[spring-boot-3.5.4.jar:3.5.4]
	at org.springframework.boot.web.servlet.ServletContextInitializerBeans.addAsRegistrationBean(ServletContextInitializerBeans.java:184) ~[spring-boot-3.5.4.jar:3.5.4]
	at org.springframework.boot.web.servlet.ServletContextInitializerBeans.addAsRegistrationBean(ServletContextInitializerBeans.java:179) ~[spring-boot-3.5.4.jar:3.5.4]
	at org.springframework.boot.web.servlet.ServletContextInitializerBeans.addAdaptableBeans(ServletContextInitializerBeans.java:164) ~[spring-boot-3.5.4.jar:3.5.4]
	at org.springframework.boot.web.servlet.ServletContextInitializerBeans.<init>(ServletContextInitializerBeans.java:96) ~[spring-boot-3.5.4.jar:3.5.4]
	at org.springframework.boot.web.servlet.context.ServletWebServerApplicationContext.getServletContextInitializerBeans(ServletWebServerApplicationContext.java:271) ~[spring-boot-3.5.4.jar:3.5.4]
	at org.springframework.boot.web.servlet.context.ServletWebServerApplicationContext.selfInitialize(ServletWebServerApplicationContext.java:245) ~[spring-boot-3.5.4.jar:3.5.4]
	at org.springframework.boot.web.embedded.tomcat.TomcatStarter.onStartup(TomcatStarter.java:52) ~[spring-boot-3.5.4.jar:3.5.4]
	at org.apache.catalina.core.StandardContext.startInternal(StandardContext.java:4464) ~[tomcat-embed-core-10.1.43.jar:10.1.43]
	at org.apache.catalina.util.LifecycleBase.start(LifecycleBase.java:164) ~[tomcat-embed-core-10.1.43.jar:10.1.43]
	at org.apache.catalina.core.ContainerBase$StartChild.call(ContainerBase.java:1203) ~[tomcat-embed-core-10.1.43.jar:10.1.43]
	at org.apache.catalina.core.ContainerBase$StartChild.call(ContainerBase.java:1193) ~[tomcat-embed-core-10.1.43.jar:10.1.43]
	at java.base/java.util.concurrent.FutureTask.run(FutureTask.java:264) ~[na:na]
	at org.apache.tomcat.util.threads.InlineExecutorService.execute(InlineExecutorService.java:75) ~[tomcat-embed-core-10.1.43.jar:10.1.43]
	at java.base/java.util.concurrent.AbstractExecutorService.submit(AbstractExecutorService.java:145) ~[na:na]
	at org.apache.catalina.core.ContainerBase.startInternal(ContainerBase.java:749) ~[tomcat-embed-core-10.1.43.jar:10.1.43]
	at org.apache.catalina.core.StandardHost.startInternal(StandardHost.java:772) ~[tomcat-embed-core-10.1.43.jar:10.1.43]
	at org.apache.catalina.util.LifecycleBase.start(LifecycleBase.java:164) ~[tomcat-embed-core-10.1.43.jar:10.1.43]
	at org.apache.catalina.core.ContainerBase$StartChild.call(ContainerBase.java:1203) ~[tomcat-embed-core-10.1.43.jar:10.1.43]
	at org.apache.catalina.core.ContainerBase$StartChild.call(ContainerBase.java:1193) ~[tomcat-embed-core-10.1.43.jar:10.1.43]
	at java.base/java.util.concurrent.FutureTask.run(FutureTask.java:264) ~[na:na]
	at org.apache.tomcat.util.threads.InlineExecutorService.execute(InlineExecutorService.java:75) ~[tomcat-embed-core-10.1.43.jar:10.1.43]
	at java.base/java.util.concurrent.AbstractExecutorService.submit(AbstractExecutorService.java:145) ~[na:na]
	at org.apache.catalina.core.ContainerBase.startInternal(ContainerBase.java:749) ~[tomcat-embed-core-10.1.43.jar:10.1.43]
	at org.apache.catalina.core.StandardEngine.startInternal(StandardEngine.java:203) ~[tomcat-embed-core-10.1.43.jar:10.1.43]
	at org.apache.catalina.util.LifecycleBase.start(LifecycleBase.java:164) ~[tomcat-embed-core-10.1.43.jar:10.1.43]
	at org.apache.catalina.core.StandardService.startInternal(StandardService.java:412) ~[tomcat-embed-core-10.1.43.jar:10.1.43]
	at org.apache.catalina.util.LifecycleBase.start(LifecycleBase.java:164) ~[tomcat-embed-core-10.1.43.jar:10.1.43]
	at org.apache.catalina.core.StandardServer.startInternal(StandardServer.java:870) ~[tomcat-embed-core-10.1.43.jar:10.1.43]
	at org.apache.catalina.util.LifecycleBase.start(LifecycleBase.java:164) ~[tomcat-embed-core-10.1.43.jar:10.1.43]
	at org.apache.catalina.startup.Tomcat.start(Tomcat.java:438) ~[tomcat-embed-core-10.1.43.jar:10.1.43]
	at org.springframework.boot.web.embedded.tomcat.TomcatWebServer.initialize(TomcatWebServer.java:128) ~[spring-boot-3.5.4.jar:3.5.4]
	at org.springframework.boot.web.embedded.tomcat.TomcatWebServer.<init>(TomcatWebServer.java:107) ~[spring-boot-3.5.4.jar:3.5.4]
	at org.springframework.boot.web.embedded.tomcat.TomcatServletWebServerFactory.getTomcatWebServer(TomcatServletWebServerFactory.java:517) ~[spring-boot-3.5.4.jar:3.5.4]
	at org.springframework.boot.web.embedded.tomcat.TomcatServletWebServerFactory.getWebServer(TomcatServletWebServerFactory.java:219) ~[spring-boot-3.5.4.jar:3.5.4]
	at org.springframework.boot.web.servlet.context.ServletWebServerApplicationContext.createWebServer(ServletWebServerApplicationContext.java:193) ~[spring-boot-3.5.4.jar:3.5.4]
	at org.springframework.boot.web.servlet.context.ServletWebServerApplicationContext.onRefresh(ServletWebServerApplicationContext.java:167) ~[spring-boot-3.5.4.jar:3.5.4]
	at org.springframework.context.support.AbstractApplicationContext.refresh(AbstractApplicationContext.java:621) ~[spring-context-6.2.9.jar:6.2.9]
	at org.springframework.boot.web.servlet.context.ServletWebServerApplicationContext.refresh(ServletWebServerApplicationContext.java:146) ~[spring-boot-3.5.4.jar:3.5.4]
	at org.springframework.boot.SpringApplication.refresh(SpringApplication.java:752) ~[spring-boot-3.5.4.jar:3.5.4]
	at org.springframework.boot.SpringApplication.refreshContext(SpringApplication.java:439) ~[spring-boot-3.5.4.jar:3.5.4]
	at org.springframework.boot.SpringApplication.run(SpringApplication.java:318) ~[spring-boot-3.5.4.jar:3.5.4]
	at org.springframework.boot.SpringApplication.run(SpringApplication.java:1361) ~[spring-boot-3.5.4.jar:3.5.4]
	at org.springframework.boot.SpringApplication.run(SpringApplication.java:1350) ~[spring-boot-3.5.4.jar:3.5.4]
	at com.example.hotel_inventory.HotelInventoryApplication.main(HotelInventoryApplication.java:10) ~[classes/:na]
Caused by: java.sql.SQLSyntaxErrorException: Table 'hotel_inventory.item_requests' doesn't exist
	at com.mysql.cj.jdbc.exceptions.SQLError.createSQLException(SQLError.java:112) ~[mysql-connector-j-9.3.0.jar:9.3.0]
	at com.mysql.cj.jdbc.exceptions.SQLExceptionsMapping.translateException(SQLExceptionsMapping.java:114) ~[mysql-connector-j-9.3.0.jar:9.3.0]
	at com.mysql.cj.jdbc.StatementImpl.executeInternal(StatementImpl.java:837) ~[mysql-connector-j-9.3.0.jar:9.3.0]
	at com.mysql.cj.jdbc.StatementImpl.execute(StatementImpl.java:685) ~[mysql-connector-j-9.3.0.jar:9.3.0]
	at com.zaxxer.hikari.pool.ProxyStatement.execute(ProxyStatement.java:95) ~[HikariCP-6.3.1.jar:na]
	at com.zaxxer.hikari.pool.HikariProxyStatement.execute(HikariProxyStatement.java) ~[HikariCP-6.3.1.jar:na]
	at org.hibernate.tool.schema.internal.exec.GenerationTargetToDatabase.accept(GenerationTargetToDatabase.java:80) ~[hibernate-core-6.6.22.Final.jar:6.6.22.Final]
	... 110 common frames omitted

2025-08-26T12:53:11.674+05:30 DEBUG 9676 --- [hotel-inventory] [           main] org.hibernate.SQL                        : 
    alter table item_requests 
       drop 
       foreign key FKrr4fwxdx6tnvnn4g4hgdyql5w
Hibernate: 
    alter table item_requests 
       drop 
       foreign key FKrr4fwxdx6tnvnn4g4hgdyql5w
2025-08-26T12:53:11.674+05:30  WARN 9676 --- [hotel-inventory] [           main] o.h.t.s.i.ExceptionHandlerLoggedImpl     : GenerationTarget encountered exception accepting command : Error executing DDL "
    alter table item_requests 
       drop 
       foreign key FKrr4fwxdx6tnvnn4g4hgdyql5w" via JDBC [Table 'hotel_inventory.item_requests' doesn't exist]

org.hibernate.tool.schema.spi.CommandAcceptanceException: Error executing DDL "
    alter table item_requests 
       drop 
       foreign key FKrr4fwxdx6tnvnn4g4hgdyql5w" via JDBC [Table 'hotel_inventory.item_requests' doesn't exist]
	at org.hibernate.tool.schema.internal.exec.GenerationTargetToDatabase.accept(GenerationTargetToDatabase.java:94) ~[hibernate-core-6.6.22.Final.jar:6.6.22.Final]
	at org.hibernate.tool.schema.internal.Helper.applySqlString(Helper.java:233) ~[hibernate-core-6.6.22.Final.jar:6.6.22.Final]
	at org.hibernate.tool.schema.internal.Helper.applySqlStrings(Helper.java:217) ~[hibernate-core-6.6.22.Final.jar:6.6.22.Final]
	at org.hibernate.tool.schema.internal.SchemaDropperImpl.applyConstraintDropping(SchemaDropperImpl.java:479) ~[hibernate-core-6.6.22.Final.jar:6.6.22.Final]
	at org.hibernate.tool.schema.internal.SchemaDropperImpl.dropConstraintsTablesSequences(SchemaDropperImpl.java:245) ~[hibernate-core-6.6.22.Final.jar:6.6.22.Final]
	at org.hibernate.tool.schema.internal.SchemaDropperImpl.dropFromMetadata(SchemaDropperImpl.java:218) ~[hibernate-core-6.6.22.Final.jar:6.6.22.Final]
	at org.hibernate.tool.schema.internal.SchemaDropperImpl.performDrop(SchemaDropperImpl.java:186) ~[hibernate-core-6.6.22.Final.jar:6.6.22.Final]
	at org.hibernate.tool.schema.internal.SchemaDropperImpl.doDrop(SchemaDropperImpl.java:156) ~[hibernate-core-6.6.22.Final.jar:6.6.22.Final]
	at org.hibernate.tool.schema.internal.SchemaDropperImpl.doDrop(SchemaDropperImpl.java:116) ~[hibernate-core-6.6.22.Final.jar:6.6.22.Final]
	at org.hibernate.tool.schema.spi.SchemaManagementToolCoordinator.performDatabaseAction(SchemaManagementToolCoordinator.java:238) ~[hibernate-core-6.6.22.Final.jar:6.6.22.Final]
	at org.hibernate.tool.schema.spi.SchemaManagementToolCoordinator.lambda$process$5(SchemaManagementToolCoordinator.java:144) ~[hibernate-core-6.6.22.Final.jar:6.6.22.Final]
	at java.base/java.util.HashMap.forEach(HashMap.java:1421) ~[na:na]
	at org.hibernate.tool.schema.spi.SchemaManagementToolCoordinator.process(SchemaManagementToolCoordinator.java:141) ~[hibernate-core-6.6.22.Final.jar:6.6.22.Final]
	at org.hibernate.boot.internal.SessionFactoryObserverForSchemaExport.sessionFactoryCreated(SessionFactoryObserverForSchemaExport.java:37) ~[hibernate-core-6.6.22.Final.jar:6.6.22.Final]
	at org.hibernate.internal.SessionFactoryObserverChain.sessionFactoryCreated(SessionFactoryObserverChain.java:35) ~[hibernate-core-6.6.22.Final.jar:6.6.22.Final]
	at org.hibernate.internal.SessionFactoryImpl.<init>(SessionFactoryImpl.java:324) ~[hibernate-core-6.6.22.Final.jar:6.6.22.Final]
	at org.hibernate.boot.internal.SessionFactoryBuilderImpl.build(SessionFactoryBuilderImpl.java:463) ~[hibernate-core-6.6.22.Final.jar:6.6.22.Final]
	at org.hibernate.jpa.boot.internal.EntityManagerFactoryBuilderImpl.build(EntityManagerFactoryBuilderImpl.java:1517) ~[hibernate-core-6.6.22.Final.jar:6.6.22.Final]
	at org.springframework.orm.jpa.vendor.SpringHibernateJpaPersistenceProvider.createContainerEntityManagerFactory(SpringHibernateJpaPersistenceProvider.java:66) ~[spring-orm-6.2.9.jar:6.2.9]
	at org.springframework.orm.jpa.LocalContainerEntityManagerFactoryBean.createNativeEntityManagerFactory(LocalContainerEntityManagerFactoryBean.java:390) ~[spring-orm-6.2.9.jar:6.2.9]
	at org.springframework.orm.jpa.AbstractEntityManagerFactoryBean.buildNativeEntityManagerFactory(AbstractEntityManagerFactoryBean.java:419) ~[spring-orm-6.2.9.jar:6.2.9]
	at org.springframework.orm.jpa.AbstractEntityManagerFactoryBean.afterPropertiesSet(AbstractEntityManagerFactoryBean.java:400) ~[spring-orm-6.2.9.jar:6.2.9]
	at org.springframework.orm.jpa.LocalContainerEntityManagerFactoryBean.afterPropertiesSet(LocalContainerEntityManagerFactoryBean.java:366) ~[spring-orm-6.2.9.jar:6.2.9]
	at org.springframework.beans.factory.support.AbstractAutowireCapableBeanFactory.invokeInitMethods(AbstractAutowireCapableBeanFactory.java:1873) ~[spring-beans-6.2.9.jar:6.2.9]
	at org.springframework.beans.factory.support.AbstractAutowireCapableBeanFactory.initializeBean(AbstractAutowireCapableBeanFactory.java:1822) ~[spring-beans-6.2.9.jar:6.2.9]
	at org.springframework.beans.factory.support.AbstractAutowireCapableBeanFactory.doCreateBean(AbstractAutowireCapableBeanFactory.java:607) ~[spring-beans-6.2.9.jar:6.2.9]
	at org.springframework.beans.factory.support.AbstractAutowireCapableBeanFactory.createBean(AbstractAutowireCapableBeanFactory.java:529) ~[spring-beans-6.2.9.jar:6.2.9]
	at org.springframework.beans.factory.support.AbstractBeanFactory.lambda$doGetBean$0(AbstractBeanFactory.java:339) ~[spring-beans-6.2.9.jar:6.2.9]
	at org.springframework.beans.factory.support.DefaultSingletonBeanRegistry.getSingleton(DefaultSingletonBeanRegistry.java:373) ~[spring-beans-6.2.9.jar:6.2.9]
	at org.springframework.beans.factory.support.AbstractBeanFactory.doGetBean(AbstractBeanFactory.java:337) ~[spring-beans-6.2.9.jar:6.2.9]
	at org.springframework.beans.factory.support.AbstractBeanFactory.getBean(AbstractBeanFactory.java:202) ~[spring-beans-6.2.9.jar:6.2.9]
	at org.springframework.beans.factory.support.BeanDefinitionValueResolver.resolveReference(BeanDefinitionValueResolver.java:365) ~[spring-beans-6.2.9.jar:6.2.9]
	at org.springframework.beans.factory.support.BeanDefinitionValueResolver.resolveValueIfNecessary(BeanDefinitionValueResolver.java:135) ~[spring-beans-6.2.9.jar:6.2.9]
	at org.springframework.beans.factory.support.ConstructorResolver.resolveConstructorArguments(ConstructorResolver.java:691) ~[spring-beans-6.2.9.jar:6.2.9]
	at org.springframework.beans.factory.support.ConstructorResolver.instantiateUsingFactoryMethod(ConstructorResolver.java:513) ~[spring-beans-6.2.9.jar:6.2.9]
	at org.springframework.beans.factory.support.AbstractAutowireCapableBeanFactory.instantiateUsingFactoryMethod(AbstractAutowireCapableBeanFactory.java:1375) ~[spring-beans-6.2.9.jar:6.2.9]
	at org.springframework.beans.factory.support.AbstractAutowireCapableBeanFactory.createBeanInstance(AbstractAutowireCapableBeanFactory.java:1205) ~[spring-beans-6.2.9.jar:6.2.9]
	at org.springframework.beans.factory.support.AbstractAutowireCapableBeanFactory.doCreateBean(AbstractAutowireCapableBeanFactory.java:569) ~[spring-beans-6.2.9.jar:6.2.9]
	at org.springframework.beans.factory.support.AbstractAutowireCapableBeanFactory.createBean(AbstractAutowireCapableBeanFactory.java:529) ~[spring-beans-6.2.9.jar:6.2.9]
	at org.springframework.beans.factory.support.AbstractBeanFactory.lambda$doGetBean$0(AbstractBeanFactory.java:339) ~[spring-beans-6.2.9.jar:6.2.9]
	at org.springframework.beans.factory.support.DefaultSingletonBeanRegistry.getSingleton(DefaultSingletonBeanRegistry.java:373) ~[spring-beans-6.2.9.jar:6.2.9]
	at org.springframework.beans.factory.support.AbstractBeanFactory.doGetBean(AbstractBeanFactory.java:337) ~[spring-beans-6.2.9.jar:6.2.9]
	at org.springframework.beans.factory.support.AbstractBeanFactory.getBean(AbstractBeanFactory.java:202) ~[spring-beans-6.2.9.jar:6.2.9]
	at org.springframework.beans.factory.support.BeanDefinitionValueResolver.resolveReference(BeanDefinitionValueResolver.java:365) ~[spring-beans-6.2.9.jar:6.2.9]
	at org.springframework.beans.factory.support.BeanDefinitionValueResolver.resolveValueIfNecessary(BeanDefinitionValueResolver.java:135) ~[spring-beans-6.2.9.jar:6.2.9]
	at org.springframework.beans.factory.support.AbstractAutowireCapableBeanFactory.applyPropertyValues(AbstractAutowireCapableBeanFactory.java:1725) ~[spring-beans-6.2.9.jar:6.2.9]
	at org.springframework.beans.factory.support.AbstractAutowireCapableBeanFactory.populateBean(AbstractAutowireCapableBeanFactory.java:1474) ~[spring-beans-6.2.9.jar:6.2.9]
	at org.springframework.beans.factory.support.AbstractAutowireCapableBeanFactory.doCreateBean(AbstractAutowireCapableBeanFactory.java:606) ~[spring-beans-6.2.9.jar:6.2.9]
	at org.springframework.beans.factory.support.AbstractAutowireCapableBeanFactory.createBean(AbstractAutowireCapableBeanFactory.java:529) ~[spring-beans-6.2.9.jar:6.2.9]
	at org.springframework.beans.factory.support.AbstractBeanFactory.lambda$doGetBean$0(AbstractBeanFactory.java:339) ~[spring-beans-6.2.9.jar:6.2.9]
	at org.springframework.beans.factory.support.DefaultSingletonBeanRegistry.getSingleton(DefaultSingletonBeanRegistry.java:373) ~[spring-beans-6.2.9.jar:6.2.9]
	at org.springframework.beans.factory.support.AbstractBeanFactory.doGetBean(AbstractBeanFactory.java:337) ~[spring-beans-6.2.9.jar:6.2.9]
	at org.springframework.beans.factory.support.AbstractBeanFactory.getBean(AbstractBeanFactory.java:202) ~[spring-beans-6.2.9.jar:6.2.9]
	at org.springframework.beans.factory.support.DefaultListableBeanFactory.doResolveDependency(DefaultListableBeanFactory.java:1683) ~[spring-beans-6.2.9.jar:6.2.9]
	at org.springframework.beans.factory.support.DefaultListableBeanFactory.resolveDependency(DefaultListableBeanFactory.java:1628) ~[spring-beans-6.2.9.jar:6.2.9]
	at org.springframework.beans.factory.annotation.AutowiredAnnotationBeanPostProcessor$AutowiredFieldElement.resolveFieldValue(AutowiredAnnotationBeanPostProcessor.java:785) ~[spring-beans-6.2.9.jar:6.2.9]
	at org.springframework.beans.factory.annotation.AutowiredAnnotationBeanPostProcessor$AutowiredFieldElement.inject(AutowiredAnnotationBeanPostProcessor.java:768) ~[spring-beans-6.2.9.jar:6.2.9]
	at org.springframework.beans.factory.annotation.InjectionMetadata.inject(InjectionMetadata.java:146) ~[spring-beans-6.2.9.jar:6.2.9]
	at org.springframework.beans.factory.annotation.AutowiredAnnotationBeanPostProcessor.postProcessProperties(AutowiredAnnotationBeanPostProcessor.java:509) ~[spring-beans-6.2.9.jar:6.2.9]
	at org.springframework.beans.factory.support.AbstractAutowireCapableBeanFactory.populateBean(AbstractAutowireCapableBeanFactory.java:1459) ~[spring-beans-6.2.9.jar:6.2.9]
	at org.springframework.beans.factory.support.AbstractAutowireCapableBeanFactory.doCreateBean(AbstractAutowireCapableBeanFactory.java:606) ~[spring-beans-6.2.9.jar:6.2.9]
	at org.springframework.beans.factory.support.AbstractAutowireCapableBeanFactory.createBean(AbstractAutowireCapableBeanFactory.java:529) ~[spring-beans-6.2.9.jar:6.2.9]
	at org.springframework.beans.factory.support.AbstractBeanFactory.lambda$doGetBean$0(AbstractBeanFactory.java:339) ~[spring-beans-6.2.9.jar:6.2.9]
	at org.springframework.beans.factory.support.DefaultSingletonBeanRegistry.getSingleton(DefaultSingletonBeanRegistry.java:373) ~[spring-beans-6.2.9.jar:6.2.9]
	at org.springframework.beans.factory.support.AbstractBeanFactory.doGetBean(AbstractBeanFactory.java:337) ~[spring-beans-6.2.9.jar:6.2.9]
	at org.springframework.beans.factory.support.AbstractBeanFactory.getBean(AbstractBeanFactory.java:207) ~[spring-beans-6.2.9.jar:6.2.9]
	at org.springframework.boot.web.servlet.ServletContextInitializerBeans.getOrderedBeansOfType(ServletContextInitializerBeans.java:230) ~[spring-boot-3.5.4.jar:3.5.4]
	at org.springframework.boot.web.servlet.ServletContextInitializerBeans.addAsRegistrationBean(ServletContextInitializerBeans.java:184) ~[spring-boot-3.5.4.jar:3.5.4]
	at org.springframework.boot.web.servlet.ServletContextInitializerBeans.addAsRegistrationBean(ServletContextInitializerBeans.java:179) ~[spring-boot-3.5.4.jar:3.5.4]
	at org.springframework.boot.web.servlet.ServletContextInitializerBeans.addAdaptableBeans(ServletContextInitializerBeans.java:164) ~[spring-boot-3.5.4.jar:3.5.4]
	at org.springframework.boot.web.servlet.ServletContextInitializerBeans.<init>(ServletContextInitializerBeans.java:96) ~[spring-boot-3.5.4.jar:3.5.4]
	at org.springframework.boot.web.servlet.context.ServletWebServerApplicationContext.getServletContextInitializerBeans(ServletWebServerApplicationContext.java:271) ~[spring-boot-3.5.4.jar:3.5.4]
	at org.springframework.boot.web.servlet.context.ServletWebServerApplicationContext.selfInitialize(ServletWebServerApplicationContext.java:245) ~[spring-boot-3.5.4.jar:3.5.4]
	at org.springframework.boot.web.embedded.tomcat.TomcatStarter.onStartup(TomcatStarter.java:52) ~[spring-boot-3.5.4.jar:3.5.4]
	at org.apache.catalina.core.StandardContext.startInternal(StandardContext.java:4464) ~[tomcat-embed-core-10.1.43.jar:10.1.43]
	at org.apache.catalina.util.LifecycleBase.start(LifecycleBase.java:164) ~[tomcat-embed-core-10.1.43.jar:10.1.43]
	at org.apache.catalina.core.ContainerBase$StartChild.call(ContainerBase.java:1203) ~[tomcat-embed-core-10.1.43.jar:10.1.43]
	at org.apache.catalina.core.ContainerBase$StartChild.call(ContainerBase.java:1193) ~[tomcat-embed-core-10.1.43.jar:10.1.43]
	at java.base/java.util.concurrent.FutureTask.run(FutureTask.java:264) ~[na:na]
	at org.apache.tomcat.util.threads.InlineExecutorService.execute(InlineExecutorService.java:75) ~[tomcat-embed-core-10.1.43.jar:10.1.43]
	at java.base/java.util.concurrent.AbstractExecutorService.submit(AbstractExecutorService.java:145) ~[na:na]
	at org.apache.catalina.core.ContainerBase.startInternal(ContainerBase.java:749) ~[tomcat-embed-core-10.1.43.jar:10.1.43]
	at org.apache.catalina.core.StandardHost.startInternal(StandardHost.java:772) ~[tomcat-embed-core-10.1.43.jar:10.1.43]
	at org.apache.catalina.util.LifecycleBase.start(LifecycleBase.java:164) ~[tomcat-embed-core-10.1.43.jar:10.1.43]
	at org.apache.catalina.core.ContainerBase$StartChild.call(ContainerBase.java:1203) ~[tomcat-embed-core-10.1.43.jar:10.1.43]
	at org.apache.catalina.core.ContainerBase$StartChild.call(ContainerBase.java:1193) ~[tomcat-embed-core-10.1.43.jar:10.1.43]
	at java.base/java.util.concurrent.FutureTask.run(FutureTask.java:264) ~[na:na]
	at org.apache.tomcat.util.threads.InlineExecutorService.execute(InlineExecutorService.java:75) ~[tomcat-embed-core-10.1.43.jar:10.1.43]
	at java.base/java.util.concurrent.AbstractExecutorService.submit(AbstractExecutorService.java:145) ~[na:na]
	at org.apache.catalina.core.ContainerBase.startInternal(ContainerBase.java:749) ~[tomcat-embed-core-10.1.43.jar:10.1.43]
	at org.apache.catalina.core.StandardEngine.startInternal(StandardEngine.java:203) ~[tomcat-embed-core-10.1.43.jar:10.1.43]
	at org.apache.catalina.util.LifecycleBase.start(LifecycleBase.java:164) ~[tomcat-embed-core-10.1.43.jar:10.1.43]
	at org.apache.catalina.core.StandardService.startInternal(StandardService.java:412) ~[tomcat-embed-core-10.1.43.jar:10.1.43]
	at org.apache.catalina.util.LifecycleBase.start(LifecycleBase.java:164) ~[tomcat-embed-core-10.1.43.jar:10.1.43]
	at org.apache.catalina.core.StandardServer.startInternal(StandardServer.java:870) ~[tomcat-embed-core-10.1.43.jar:10.1.43]
	at org.apache.catalina.util.LifecycleBase.start(LifecycleBase.java:164) ~[tomcat-embed-core-10.1.43.jar:10.1.43]
	at org.apache.catalina.startup.Tomcat.start(Tomcat.java:438) ~[tomcat-embed-core-10.1.43.jar:10.1.43]
	at org.springframework.boot.web.embedded.tomcat.TomcatWebServer.initialize(TomcatWebServer.java:128) ~[spring-boot-3.5.4.jar:3.5.4]
	at org.springframework.boot.web.embedded.tomcat.TomcatWebServer.<init>(TomcatWebServer.java:107) ~[spring-boot-3.5.4.jar:3.5.4]
	at org.springframework.boot.web.embedded.tomcat.TomcatServletWebServerFactory.getTomcatWebServer(TomcatServletWebServerFactory.java:517) ~[spring-boot-3.5.4.jar:3.5.4]
	at org.springframework.boot.web.embedded.tomcat.TomcatServletWebServerFactory.getWebServer(TomcatServletWebServerFactory.java:219) ~[spring-boot-3.5.4.jar:3.5.4]
	at org.springframework.boot.web.servlet.context.ServletWebServerApplicationContext.createWebServer(ServletWebServerApplicationContext.java:193) ~[spring-boot-3.5.4.jar:3.5.4]
	at org.springframework.boot.web.servlet.context.ServletWebServerApplicationContext.onRefresh(ServletWebServerApplicationContext.java:167) ~[spring-boot-3.5.4.jar:3.5.4]
	at org.springframework.context.support.AbstractApplicationContext.refresh(AbstractApplicationContext.java:621) ~[spring-context-6.2.9.jar:6.2.9]
	at org.springframework.boot.web.servlet.context.ServletWebServerApplicationContext.refresh(ServletWebServerApplicationContext.java:146) ~[spring-boot-3.5.4.jar:3.5.4]
	at org.springframework.boot.SpringApplication.refresh(SpringApplication.java:752) ~[spring-boot-3.5.4.jar:3.5.4]
	at org.springframework.boot.SpringApplication.refreshContext(SpringApplication.java:439) ~[spring-boot-3.5.4.jar:3.5.4]
	at org.springframework.boot.SpringApplication.run(SpringApplication.java:318) ~[spring-boot-3.5.4.jar:3.5.4]
	at org.springframework.boot.SpringApplication.run(SpringApplication.java:1361) ~[spring-boot-3.5.4.jar:3.5.4]
	at org.springframework.boot.SpringApplication.run(SpringApplication.java:1350) ~[spring-boot-3.5.4.jar:3.5.4]
	at com.example.hotel_inventory.HotelInventoryApplication.main(HotelInventoryApplication.java:10) ~[classes/:na]
Caused by: java.sql.SQLSyntaxErrorException: Table 'hotel_inventory.item_requests' doesn't exist
	at com.mysql.cj.jdbc.exceptions.SQLError.createSQLException(SQLError.java:112) ~[mysql-connector-j-9.3.0.jar:9.3.0]
	at com.mysql.cj.jdbc.exceptions.SQLExceptionsMapping.translateException(SQLExceptionsMapping.java:114) ~[mysql-connector-j-9.3.0.jar:9.3.0]
	at com.mysql.cj.jdbc.StatementImpl.executeInternal(StatementImpl.java:837) ~[mysql-connector-j-9.3.0.jar:9.3.0]
	at com.mysql.cj.jdbc.StatementImpl.execute(StatementImpl.java:685) ~[mysql-connector-j-9.3.0.jar:9.3.0]
	at com.zaxxer.hikari.pool.ProxyStatement.execute(ProxyStatement.java:95) ~[HikariCP-6.3.1.jar:na]
	at com.zaxxer.hikari.pool.HikariProxyStatement.execute(HikariProxyStatement.java) ~[HikariCP-6.3.1.jar:na]
	at org.hibernate.tool.schema.internal.exec.GenerationTargetToDatabase.accept(GenerationTargetToDatabase.java:80) ~[hibernate-core-6.6.22.Final.jar:6.6.22.Final]
	... 110 common frames omitted

2025-08-26T12:53:11.676+05:30 DEBUG 9676 --- [hotel-inventory] [           main] org.hibernate.SQL                        : 
    alter table item_requests 
       drop 
       foreign key FK2wvr1mkbowj9xrbs9xuqqoxsk
Hibernate: 
    alter table item_requests 
       drop 
       foreign key FK2wvr1mkbowj9xrbs9xuqqoxsk
2025-08-26T12:53:11.677+05:30  WARN 9676 --- [hotel-inventory] [           main] o.h.t.s.i.ExceptionHandlerLoggedImpl     : GenerationTarget encountered exception accepting command : Error executing DDL "
    alter table item_requests 
       drop 
       foreign key FK2wvr1mkbowj9xrbs9xuqqoxsk" via JDBC [Table 'hotel_inventory.item_requests' doesn't exist]

org.hibernate.tool.schema.spi.CommandAcceptanceException: Error executing DDL "
    alter table item_requests 
       drop 
       foreign key FK2wvr1mkbowj9xrbs9xuqqoxsk" via JDBC [Table 'hotel_inventory.item_requests' doesn't exist]
	at org.hibernate.tool.schema.internal.exec.GenerationTargetToDatabase.accept(GenerationTargetToDatabase.java:94) ~[hibernate-core-6.6.22.Final.jar:6.6.22.Final]
	at org.hibernate.tool.schema.internal.Helper.applySqlString(Helper.java:233) ~[hibernate-core-6.6.22.Final.jar:6.6.22.Final]
	at org.hibernate.tool.schema.internal.Helper.applySqlStrings(Helper.java:217) ~[hibernate-core-6.6.22.Final.jar:6.6.22.Final]
	at org.hibernate.tool.schema.internal.SchemaDropperImpl.applyConstraintDropping(SchemaDropperImpl.java:479) ~[hibernate-core-6.6.22.Final.jar:6.6.22.Final]
	at org.hibernate.tool.schema.internal.SchemaDropperImpl.dropConstraintsTablesSequences(SchemaDropperImpl.java:245) ~[hibernate-core-6.6.22.Final.jar:6.6.22.Final]
	at org.hibernate.tool.schema.internal.SchemaDropperImpl.dropFromMetadata(SchemaDropperImpl.java:218) ~[hibernate-core-6.6.22.Final.jar:6.6.22.Final]
	at org.hibernate.tool.schema.internal.SchemaDropperImpl.performDrop(SchemaDropperImpl.java:186) ~[hibernate-core-6.6.22.Final.jar:6.6.22.Final]
	at org.hibernate.tool.schema.internal.SchemaDropperImpl.doDrop(SchemaDropperImpl.java:156) ~[hibernate-core-6.6.22.Final.jar:6.6.22.Final]
	at org.hibernate.tool.schema.internal.SchemaDropperImpl.doDrop(SchemaDropperImpl.java:116) ~[hibernate-core-6.6.22.Final.jar:6.6.22.Final]
	at org.hibernate.tool.schema.spi.SchemaManagementToolCoordinator.performDatabaseAction(SchemaManagementToolCoordinator.java:238) ~[hibernate-core-6.6.22.Final.jar:6.6.22.Final]
	at org.hibernate.tool.schema.spi.SchemaManagementToolCoordinator.lambda$process$5(SchemaManagementToolCoordinator.java:144) ~[hibernate-core-6.6.22.Final.jar:6.6.22.Final]
	at java.base/java.util.HashMap.forEach(HashMap.java:1421) ~[na:na]
	at org.hibernate.tool.schema.spi.SchemaManagementToolCoordinator.process(SchemaManagementToolCoordinator.java:141) ~[hibernate-core-6.6.22.Final.jar:6.6.22.Final]
	at org.hibernate.boot.internal.SessionFactoryObserverForSchemaExport.sessionFactoryCreated(SessionFactoryObserverForSchemaExport.java:37) ~[hibernate-core-6.6.22.Final.jar:6.6.22.Final]
	at org.hibernate.internal.SessionFactoryObserverChain.sessionFactoryCreated(SessionFactoryObserverChain.java:35) ~[hibernate-core-6.6.22.Final.jar:6.6.22.Final]
	at org.hibernate.internal.SessionFactoryImpl.<init>(SessionFactoryImpl.java:324) ~[hibernate-core-6.6.22.Final.jar:6.6.22.Final]
	at org.hibernate.boot.internal.SessionFactoryBuilderImpl.build(SessionFactoryBuilderImpl.java:463) ~[hibernate-core-6.6.22.Final.jar:6.6.22.Final]
	at org.hibernate.jpa.boot.internal.EntityManagerFactoryBuilderImpl.build(EntityManagerFactoryBuilderImpl.java:1517) ~[hibernate-core-6.6.22.Final.jar:6.6.22.Final]
	at org.springframework.orm.jpa.vendor.SpringHibernateJpaPersistenceProvider.createContainerEntityManagerFactory(SpringHibernateJpaPersistenceProvider.java:66) ~[spring-orm-6.2.9.jar:6.2.9]
	at org.springframework.orm.jpa.LocalContainerEntityManagerFactoryBean.createNativeEntityManagerFactory(LocalContainerEntityManagerFactoryBean.java:390) ~[spring-orm-6.2.9.jar:6.2.9]
	at org.springframework.orm.jpa.AbstractEntityManagerFactoryBean.buildNativeEntityManagerFactory(AbstractEntityManagerFactoryBean.java:419) ~[spring-orm-6.2.9.jar:6.2.9]
	at org.springframework.orm.jpa.AbstractEntityManagerFactoryBean.afterPropertiesSet(AbstractEntityManagerFactoryBean.java:400) ~[spring-orm-6.2.9.jar:6.2.9]
	at org.springframework.orm.jpa.LocalContainerEntityManagerFactoryBean.afterPropertiesSet(LocalContainerEntityManagerFactoryBean.java:366) ~[spring-orm-6.2.9.jar:6.2.9]
	at org.springframework.beans.factory.support.AbstractAutowireCapableBeanFactory.invokeInitMethods(AbstractAutowireCapableBeanFactory.java:1873) ~[spring-beans-6.2.9.jar:6.2.9]
	at org.springframework.beans.factory.support.AbstractAutowireCapableBeanFactory.initializeBean(AbstractAutowireCapableBeanFactory.java:1822) ~[spring-beans-6.2.9.jar:6.2.9]
	at org.springframework.beans.factory.support.AbstractAutowireCapableBeanFactory.doCreateBean(AbstractAutowireCapableBeanFactory.java:607) ~[spring-beans-6.2.9.jar:6.2.9]
	at org.springframework.beans.factory.support.AbstractAutowireCapableBeanFactory.createBean(AbstractAutowireCapableBeanFactory.java:529) ~[spring-beans-6.2.9.jar:6.2.9]
	at org.springframework.beans.factory.support.AbstractBeanFactory.lambda$doGetBean$0(AbstractBeanFactory.java:339) ~[spring-beans-6.2.9.jar:6.2.9]
	at org.springframework.beans.factory.support.DefaultSingletonBeanRegistry.getSingleton(DefaultSingletonBeanRegistry.java:373) ~[spring-beans-6.2.9.jar:6.2.9]
	at org.springframework.beans.factory.support.AbstractBeanFactory.doGetBean(AbstractBeanFactory.java:337) ~[spring-beans-6.2.9.jar:6.2.9]
	at org.springframework.beans.factory.support.AbstractBeanFactory.getBean(AbstractBeanFactory.java:202) ~[spring-beans-6.2.9.jar:6.2.9]
	at org.springframework.beans.factory.support.BeanDefinitionValueResolver.resolveReference(BeanDefinitionValueResolver.java:365) ~[spring-beans-6.2.9.jar:6.2.9]
	at org.springframework.beans.factory.support.BeanDefinitionValueResolver.resolveValueIfNecessary(BeanDefinitionValueResolver.java:135) ~[spring-beans-6.2.9.jar:6.2.9]
	at org.springframework.beans.factory.support.ConstructorResolver.resolveConstructorArguments(ConstructorResolver.java:691) ~[spring-beans-6.2.9.jar:6.2.9]
	at org.springframework.beans.factory.support.ConstructorResolver.instantiateUsingFactoryMethod(ConstructorResolver.java:513) ~[spring-beans-6.2.9.jar:6.2.9]
	at org.springframework.beans.factory.support.AbstractAutowireCapableBeanFactory.instantiateUsingFactoryMethod(AbstractAutowireCapableBeanFactory.java:1375) ~[spring-beans-6.2.9.jar:6.2.9]
	at org.springframework.beans.factory.support.AbstractAutowireCapableBeanFactory.createBeanInstance(AbstractAutowireCapableBeanFactory.java:1205) ~[spring-beans-6.2.9.jar:6.2.9]
	at org.springframework.beans.factory.support.AbstractAutowireCapableBeanFactory.doCreateBean(AbstractAutowireCapableBeanFactory.java:569) ~[spring-beans-6.2.9.jar:6.2.9]
	at org.springframework.beans.factory.support.AbstractAutowireCapableBeanFactory.createBean(AbstractAutowireCapableBeanFactory.java:529) ~[spring-beans-6.2.9.jar:6.2.9]
	at org.springframework.beans.factory.support.AbstractBeanFactory.lambda$doGetBean$0(AbstractBeanFactory.java:339) ~[spring-beans-6.2.9.jar:6.2.9]
	at org.springframework.beans.factory.support.DefaultSingletonBeanRegistry.getSingleton(DefaultSingletonBeanRegistry.java:373) ~[spring-beans-6.2.9.jar:6.2.9]
	at org.springframework.beans.factory.support.AbstractBeanFactory.doGetBean(AbstractBeanFactory.java:337) ~[spring-beans-6.2.9.jar:6.2.9]
	at org.springframework.beans.factory.support.AbstractBeanFactory.getBean(AbstractBeanFactory.java:202) ~[spring-beans-6.2.9.jar:6.2.9]
	at org.springframework.beans.factory.support.BeanDefinitionValueResolver.resolveReference(BeanDefinitionValueResolver.java:365) ~[spring-beans-6.2.9.jar:6.2.9]
	at org.springframework.beans.factory.support.BeanDefinitionValueResolver.resolveValueIfNecessary(BeanDefinitionValueResolver.java:135) ~[spring-beans-6.2.9.jar:6.2.9]
	at org.springframework.beans.factory.support.AbstractAutowireCapableBeanFactory.applyPropertyValues(AbstractAutowireCapableBeanFactory.java:1725) ~[spring-beans-6.2.9.jar:6.2.9]
	at org.springframework.beans.factory.support.AbstractAutowireCapableBeanFactory.populateBean(AbstractAutowireCapableBeanFactory.java:1474) ~[spring-beans-6.2.9.jar:6.2.9]
	at org.springframework.beans.factory.support.AbstractAutowireCapableBeanFactory.doCreateBean(AbstractAutowireCapableBeanFactory.java:606) ~[spring-beans-6.2.9.jar:6.2.9]
	at org.springframework.beans.factory.support.AbstractAutowireCapableBeanFactory.createBean(AbstractAutowireCapableBeanFactory.java:529) ~[spring-beans-6.2.9.jar:6.2.9]
	at org.springframework.beans.factory.support.AbstractBeanFactory.lambda$doGetBean$0(AbstractBeanFactory.java:339) ~[spring-beans-6.2.9.jar:6.2.9]
	at org.springframework.beans.factory.support.DefaultSingletonBeanRegistry.getSingleton(DefaultSingletonBeanRegistry.java:373) ~[spring-beans-6.2.9.jar:6.2.9]
	at org.springframework.beans.factory.support.AbstractBeanFactory.doGetBean(AbstractBeanFactory.java:337) ~[spring-beans-6.2.9.jar:6.2.9]
	at org.springframework.beans.factory.support.AbstractBeanFactory.getBean(AbstractBeanFactory.java:202) ~[spring-beans-6.2.9.jar:6.2.9]
	at org.springframework.beans.factory.support.DefaultListableBeanFactory.doResolveDependency(DefaultListableBeanFactory.java:1683) ~[spring-beans-6.2.9.jar:6.2.9]
	at org.springframework.beans.factory.support.DefaultListableBeanFactory.resolveDependency(DefaultListableBeanFactory.java:1628) ~[spring-beans-6.2.9.jar:6.2.9]
	at org.springframework.beans.factory.annotation.AutowiredAnnotationBeanPostProcessor$AutowiredFieldElement.resolveFieldValue(AutowiredAnnotationBeanPostProcessor.java:785) ~[spring-beans-6.2.9.jar:6.2.9]
	at org.springframework.beans.factory.annotation.AutowiredAnnotationBeanPostProcessor$AutowiredFieldElement.inject(AutowiredAnnotationBeanPostProcessor.java:768) ~[spring-beans-6.2.9.jar:6.2.9]
	at org.springframework.beans.factory.annotation.InjectionMetadata.inject(InjectionMetadata.java:146) ~[spring-beans-6.2.9.jar:6.2.9]
	at org.springframework.beans.factory.annotation.AutowiredAnnotationBeanPostProcessor.postProcessProperties(AutowiredAnnotationBeanPostProcessor.java:509) ~[spring-beans-6.2.9.jar:6.2.9]
	at org.springframework.beans.factory.support.AbstractAutowireCapableBeanFactory.populateBean(AbstractAutowireCapableBeanFactory.java:1459) ~[spring-beans-6.2.9.jar:6.2.9]
	at org.springframework.beans.factory.support.AbstractAutowireCapableBeanFactory.doCreateBean(AbstractAutowireCapableBeanFactory.java:606) ~[spring-beans-6.2.9.jar:6.2.9]
	at org.springframework.beans.factory.support.AbstractAutowireCapableBeanFactory.createBean(AbstractAutowireCapableBeanFactory.java:529) ~[spring-beans-6.2.9.jar:6.2.9]
	at org.springframework.beans.factory.support.AbstractBeanFactory.lambda$doGetBean$0(AbstractBeanFactory.java:339) ~[spring-beans-6.2.9.jar:6.2.9]
	at org.springframework.beans.factory.support.DefaultSingletonBeanRegistry.getSingleton(DefaultSingletonBeanRegistry.java:373) ~[spring-beans-6.2.9.jar:6.2.9]
	at org.springframework.beans.factory.support.AbstractBeanFactory.doGetBean(AbstractBeanFactory.java:337) ~[spring-beans-6.2.9.jar:6.2.9]
	at org.springframework.beans.factory.support.AbstractBeanFactory.getBean(AbstractBeanFactory.java:207) ~[spring-beans-6.2.9.jar:6.2.9]
	at org.springframework.boot.web.servlet.ServletContextInitializerBeans.getOrderedBeansOfType(ServletContextInitializerBeans.java:230) ~[spring-boot-3.5.4.jar:3.5.4]
	at org.springframework.boot.web.servlet.ServletContextInitializerBeans.addAsRegistrationBean(ServletContextInitializerBeans.java:184) ~[spring-boot-3.5.4.jar:3.5.4]
	at org.springframework.boot.web.servlet.ServletContextInitializerBeans.addAsRegistrationBean(ServletContextInitializerBeans.java:179) ~[spring-boot-3.5.4.jar:3.5.4]
	at org.springframework.boot.web.servlet.ServletContextInitializerBeans.addAdaptableBeans(ServletContextInitializerBeans.java:164) ~[spring-boot-3.5.4.jar:3.5.4]
	at org.springframework.boot.web.servlet.ServletContextInitializerBeans.<init>(ServletContextInitializerBeans.java:96) ~[spring-boot-3.5.4.jar:3.5.4]
	at org.springframework.boot.web.servlet.context.ServletWebServerApplicationContext.getServletContextInitializerBeans(ServletWebServerApplicationContext.java:271) ~[spring-boot-3.5.4.jar:3.5.4]
	at org.springframework.boot.web.servlet.context.ServletWebServerApplicationContext.selfInitialize(ServletWebServerApplicationContext.java:245) ~[spring-boot-3.5.4.jar:3.5.4]
	at org.springframework.boot.web.embedded.tomcat.TomcatStarter.onStartup(TomcatStarter.java:52) ~[spring-boot-3.5.4.jar:3.5.4]
	at org.apache.catalina.core.StandardContext.startInternal(StandardContext.java:4464) ~[tomcat-embed-core-10.1.43.jar:10.1.43]
	at org.apache.catalina.util.LifecycleBase.start(LifecycleBase.java:164) ~[tomcat-embed-core-10.1.43.jar:10.1.43]
	at org.apache.catalina.core.ContainerBase$StartChild.call(ContainerBase.java:1203) ~[tomcat-embed-core-10.1.43.jar:10.1.43]
	at org.apache.catalina.core.ContainerBase$StartChild.call(ContainerBase.java:1193) ~[tomcat-embed-core-10.1.43.jar:10.1.43]
	at java.base/java.util.concurrent.FutureTask.run(FutureTask.java:264) ~[na:na]
	at org.apache.tomcat.util.threads.InlineExecutorService.execute(InlineExecutorService.java:75) ~[tomcat-embed-core-10.1.43.jar:10.1.43]
	at java.base/java.util.concurrent.AbstractExecutorService.submit(AbstractExecutorService.java:145) ~[na:na]
	at org.apache.catalina.core.ContainerBase.startInternal(ContainerBase.java:749) ~[tomcat-embed-core-10.1.43.jar:10.1.43]
	at org.apache.catalina.core.StandardHost.startInternal(StandardHost.java:772) ~[tomcat-embed-core-10.1.43.jar:10.1.43]
	at org.apache.catalina.util.LifecycleBase.start(LifecycleBase.java:164) ~[tomcat-embed-core-10.1.43.jar:10.1.43]
	at org.apache.catalina.core.ContainerBase$StartChild.call(ContainerBase.java:1203) ~[tomcat-embed-core-10.1.43.jar:10.1.43]
	at org.apache.catalina.core.ContainerBase$StartChild.call(ContainerBase.java:1193) ~[tomcat-embed-core-10.1.43.jar:10.1.43]
	at java.base/java.util.concurrent.FutureTask.run(FutureTask.java:264) ~[na:na]
	at org.apache.tomcat.util.threads.InlineExecutorService.execute(InlineExecutorService.java:75) ~[tomcat-embed-core-10.1.43.jar:10.1.43]
	at java.base/java.util.concurrent.AbstractExecutorService.submit(AbstractExecutorService.java:145) ~[na:na]
	at org.apache.catalina.core.ContainerBase.startInternal(ContainerBase.java:749) ~[tomcat-embed-core-10.1.43.jar:10.1.43]
	at org.apache.catalina.core.StandardEngine.startInternal(StandardEngine.java:203) ~[tomcat-embed-core-10.1.43.jar:10.1.43]
	at org.apache.catalina.util.LifecycleBase.start(LifecycleBase.java:164) ~[tomcat-embed-core-10.1.43.jar:10.1.43]
	at org.apache.catalina.core.StandardService.startInternal(StandardService.java:412) ~[tomcat-embed-core-10.1.43.jar:10.1.43]
	at org.apache.catalina.util.LifecycleBase.start(LifecycleBase.java:164) ~[tomcat-embed-core-10.1.43.jar:10.1.43]
	at org.apache.catalina.core.StandardServer.startInternal(StandardServer.java:870) ~[tomcat-embed-core-10.1.43.jar:10.1.43]
	at org.apache.catalina.util.LifecycleBase.start(LifecycleBase.java:164) ~[tomcat-embed-core-10.1.43.jar:10.1.43]
	at org.apache.catalina.startup.Tomcat.start(Tomcat.java:438) ~[tomcat-embed-core-10.1.43.jar:10.1.43]
	at org.springframework.boot.web.embedded.tomcat.TomcatWebServer.initialize(TomcatWebServer.java:128) ~[spring-boot-3.5.4.jar:3.5.4]
	at org.springframework.boot.web.embedded.tomcat.TomcatWebServer.<init>(TomcatWebServer.java:107) ~[spring-boot-3.5.4.jar:3.5.4]
	at org.springframework.boot.web.embedded.tomcat.TomcatServletWebServerFactory.getTomcatWebServer(TomcatServletWebServerFactory.java:517) ~[spring-boot-3.5.4.jar:3.5.4]
	at org.springframework.boot.web.embedded.tomcat.TomcatServletWebServerFactory.getWebServer(TomcatServletWebServerFactory.java:219) ~[spring-boot-3.5.4.jar:3.5.4]
	at org.springframework.boot.web.servlet.context.ServletWebServerApplicationContext.createWebServer(ServletWebServerApplicationContext.java:193) ~[spring-boot-3.5.4.jar:3.5.4]
	at org.springframework.boot.web.servlet.context.ServletWebServerApplicationContext.onRefresh(ServletWebServerApplicationContext.java:167) ~[spring-boot-3.5.4.jar:3.5.4]
	at org.springframework.context.support.AbstractApplicationContext.refresh(AbstractApplicationContext.java:621) ~[spring-context-6.2.9.jar:6.2.9]
	at org.springframework.boot.web.servlet.context.ServletWebServerApplicationContext.refresh(ServletWebServerApplicationContext.java:146) ~[spring-boot-3.5.4.jar:3.5.4]
	at org.springframework.boot.SpringApplication.refresh(SpringApplication.java:752) ~[spring-boot-3.5.4.jar:3.5.4]
	at org.springframework.boot.SpringApplication.refreshContext(SpringApplication.java:439) ~[spring-boot-3.5.4.jar:3.5.4]
	at org.springframework.boot.SpringApplication.run(SpringApplication.java:318) ~[spring-boot-3.5.4.jar:3.5.4]
	at org.springframework.boot.SpringApplication.run(SpringApplication.java:1361) ~[spring-boot-3.5.4.jar:3.5.4]
	at org.springframework.boot.SpringApplication.run(SpringApplication.java:1350) ~[spring-boot-3.5.4.jar:3.5.4]
	at com.example.hotel_inventory.HotelInventoryApplication.main(HotelInventoryApplication.java:10) ~[classes/:na]
Caused by: java.sql.SQLSyntaxErrorException: Table 'hotel_inventory.item_requests' doesn't exist
	at com.mysql.cj.jdbc.exceptions.SQLError.createSQLException(SQLError.java:112) ~[mysql-connector-j-9.3.0.jar:9.3.0]
	at com.mysql.cj.jdbc.exceptions.SQLExceptionsMapping.translateException(SQLExceptionsMapping.java:114) ~[mysql-connector-j-9.3.0.jar:9.3.0]
	at com.mysql.cj.jdbc.StatementImpl.executeInternal(StatementImpl.java:837) ~[mysql-connector-j-9.3.0.jar:9.3.0]
	at com.mysql.cj.jdbc.StatementImpl.execute(StatementImpl.java:685) ~[mysql-connector-j-9.3.0.jar:9.3.0]
	at com.zaxxer.hikari.pool.ProxyStatement.execute(ProxyStatement.java:95) ~[HikariCP-6.3.1.jar:na]
	at com.zaxxer.hikari.pool.HikariProxyStatement.execute(HikariProxyStatement.java) ~[HikariCP-6.3.1.jar:na]
	at org.hibernate.tool.schema.internal.exec.GenerationTargetToDatabase.accept(GenerationTargetToDatabase.java:80) ~[hibernate-core-6.6.22.Final.jar:6.6.22.Final]
	... 110 common frames omitted

2025-08-26T12:53:11.678+05:30 DEBUG 9676 --- [hotel-inventory] [           main] org.hibernate.SQL                        : 
    alter table refresh_tokens 
       drop 
       foreign key FK1lih5y2npsf8u5o3vhdb9y0os
Hibernate: 
    alter table refresh_tokens 
       drop 
       foreign key FK1lih5y2npsf8u5o3vhdb9y0os
2025-08-26T12:53:11.679+05:30  WARN 9676 --- [hotel-inventory] [           main] o.h.t.s.i.ExceptionHandlerLoggedImpl     : GenerationTarget encountered exception accepting command : Error executing DDL "
    alter table refresh_tokens 
       drop 
       foreign key FK1lih5y2npsf8u5o3vhdb9y0os" via JDBC [Table 'hotel_inventory.refresh_tokens' doesn't exist]

org.hibernate.tool.schema.spi.CommandAcceptanceException: Error executing DDL "
    alter table refresh_tokens 
       drop 
       foreign key FK1lih5y2npsf8u5o3vhdb9y0os" via JDBC [Table 'hotel_inventory.refresh_tokens' doesn't exist]
	at org.hibernate.tool.schema.internal.exec.GenerationTargetToDatabase.accept(GenerationTargetToDatabase.java:94) ~[hibernate-core-6.6.22.Final.jar:6.6.22.Final]
	at org.hibernate.tool.schema.internal.Helper.applySqlString(Helper.java:233) ~[hibernate-core-6.6.22.Final.jar:6.6.22.Final]
	at org.hibernate.tool.schema.internal.Helper.applySqlStrings(Helper.java:217) ~[hibernate-core-6.6.22.Final.jar:6.6.22.Final]
	at org.hibernate.tool.schema.internal.SchemaDropperImpl.applyConstraintDropping(SchemaDropperImpl.java:479) ~[hibernate-core-6.6.22.Final.jar:6.6.22.Final]
	at org.hibernate.tool.schema.internal.SchemaDropperImpl.dropConstraintsTablesSequences(SchemaDropperImpl.java:245) ~[hibernate-core-6.6.22.Final.jar:6.6.22.Final]
	at org.hibernate.tool.schema.internal.SchemaDropperImpl.dropFromMetadata(SchemaDropperImpl.java:218) ~[hibernate-core-6.6.22.Final.jar:6.6.22.Final]
	at org.hibernate.tool.schema.internal.SchemaDropperImpl.performDrop(SchemaDropperImpl.java:186) ~[hibernate-core-6.6.22.Final.jar:6.6.22.Final]
	at org.hibernate.tool.schema.internal.SchemaDropperImpl.doDrop(SchemaDropperImpl.java:156) ~[hibernate-core-6.6.22.Final.jar:6.6.22.Final]
	at org.hibernate.tool.schema.internal.SchemaDropperImpl.doDrop(SchemaDropperImpl.java:116) ~[hibernate-core-6.6.22.Final.jar:6.6.22.Final]
	at org.hibernate.tool.schema.spi.SchemaManagementToolCoordinator.performDatabaseAction(SchemaManagementToolCoordinator.java:238) ~[hibernate-core-6.6.22.Final.jar:6.6.22.Final]
	at org.hibernate.tool.schema.spi.SchemaManagementToolCoordinator.lambda$process$5(SchemaManagementToolCoordinator.java:144) ~[hibernate-core-6.6.22.Final.jar:6.6.22.Final]
	at java.base/java.util.HashMap.forEach(HashMap.java:1421) ~[na:na]
	at org.hibernate.tool.schema.spi.SchemaManagementToolCoordinator.process(SchemaManagementToolCoordinator.java:141) ~[hibernate-core-6.6.22.Final.jar:6.6.22.Final]
	at org.hibernate.boot.internal.SessionFactoryObserverForSchemaExport.sessionFactoryCreated(SessionFactoryObserverForSchemaExport.java:37) ~[hibernate-core-6.6.22.Final.jar:6.6.22.Final]
	at org.hibernate.internal.SessionFactoryObserverChain.sessionFactoryCreated(SessionFactoryObserverChain.java:35) ~[hibernate-core-6.6.22.Final.jar:6.6.22.Final]
	at org.hibernate.internal.SessionFactoryImpl.<init>(SessionFactoryImpl.java:324) ~[hibernate-core-6.6.22.Final.jar:6.6.22.Final]
	at org.hibernate.boot.internal.SessionFactoryBuilderImpl.build(SessionFactoryBuilderImpl.java:463) ~[hibernate-core-6.6.22.Final.jar:6.6.22.Final]
	at org.hibernate.jpa.boot.internal.EntityManagerFactoryBuilderImpl.build(EntityManagerFactoryBuilderImpl.java:1517) ~[hibernate-core-6.6.22.Final.jar:6.6.22.Final]
	at org.springframework.orm.jpa.vendor.SpringHibernateJpaPersistenceProvider.createContainerEntityManagerFactory(SpringHibernateJpaPersistenceProvider.java:66) ~[spring-orm-6.2.9.jar:6.2.9]
	at org.springframework.orm.jpa.LocalContainerEntityManagerFactoryBean.createNativeEntityManagerFactory(LocalContainerEntityManagerFactoryBean.java:390) ~[spring-orm-6.2.9.jar:6.2.9]
	at org.springframework.orm.jpa.AbstractEntityManagerFactoryBean.buildNativeEntityManagerFactory(AbstractEntityManagerFactoryBean.java:419) ~[spring-orm-6.2.9.jar:6.2.9]
	at org.springframework.orm.jpa.AbstractEntityManagerFactoryBean.afterPropertiesSet(AbstractEntityManagerFactoryBean.java:400) ~[spring-orm-6.2.9.jar:6.2.9]
	at org.springframework.orm.jpa.LocalContainerEntityManagerFactoryBean.afterPropertiesSet(LocalContainerEntityManagerFactoryBean.java:366) ~[spring-orm-6.2.9.jar:6.2.9]
	at org.springframework.beans.factory.support.AbstractAutowireCapableBeanFactory.invokeInitMethods(AbstractAutowireCapableBeanFactory.java:1873) ~[spring-beans-6.2.9.jar:6.2.9]
	at org.springframework.beans.factory.support.AbstractAutowireCapableBeanFactory.initializeBean(AbstractAutowireCapableBeanFactory.java:1822) ~[spring-beans-6.2.9.jar:6.2.9]
	at org.springframework.beans.factory.support.AbstractAutowireCapableBeanFactory.doCreateBean(AbstractAutowireCapableBeanFactory.java:607) ~[spring-beans-6.2.9.jar:6.2.9]
	at org.springframework.beans.factory.support.AbstractAutowireCapableBeanFactory.createBean(AbstractAutowireCapableBeanFactory.java:529) ~[spring-beans-6.2.9.jar:6.2.9]
	at org.springframework.beans.factory.support.AbstractBeanFactory.lambda$doGetBean$0(AbstractBeanFactory.java:339) ~[spring-beans-6.2.9.jar:6.2.9]
	at org.springframework.beans.factory.support.DefaultSingletonBeanRegistry.getSingleton(DefaultSingletonBeanRegistry.java:373) ~[spring-beans-6.2.9.jar:6.2.9]
	at org.springframework.beans.factory.support.AbstractBeanFactory.doGetBean(AbstractBeanFactory.java:337) ~[spring-beans-6.2.9.jar:6.2.9]
	at org.springframework.beans.factory.support.AbstractBeanFactory.getBean(AbstractBeanFactory.java:202) ~[spring-beans-6.2.9.jar:6.2.9]
	at org.springframework.beans.factory.support.BeanDefinitionValueResolver.resolveReference(BeanDefinitionValueResolver.java:365) ~[spring-beans-6.2.9.jar:6.2.9]
	at org.springframework.beans.factory.support.BeanDefinitionValueResolver.resolveValueIfNecessary(BeanDefinitionValueResolver.java:135) ~[spring-beans-6.2.9.jar:6.2.9]
	at org.springframework.beans.factory.support.ConstructorResolver.resolveConstructorArguments(ConstructorResolver.java:691) ~[spring-beans-6.2.9.jar:6.2.9]
	at org.springframework.beans.factory.support.ConstructorResolver.instantiateUsingFactoryMethod(ConstructorResolver.java:513) ~[spring-beans-6.2.9.jar:6.2.9]
	at org.springframework.beans.factory.support.AbstractAutowireCapableBeanFactory.instantiateUsingFactoryMethod(AbstractAutowireCapableBeanFactory.java:1375) ~[spring-beans-6.2.9.jar:6.2.9]
	at org.springframework.beans.factory.support.AbstractAutowireCapableBeanFactory.createBeanInstance(AbstractAutowireCapableBeanFactory.java:1205) ~[spring-beans-6.2.9.jar:6.2.9]
	at org.springframework.beans.factory.support.AbstractAutowireCapableBeanFactory.doCreateBean(AbstractAutowireCapableBeanFactory.java:569) ~[spring-beans-6.2.9.jar:6.2.9]
	at org.springframework.beans.factory.support.AbstractAutowireCapableBeanFactory.createBean(AbstractAutowireCapableBeanFactory.java:529) ~[spring-beans-6.2.9.jar:6.2.9]
	at org.springframework.beans.factory.support.AbstractBeanFactory.lambda$doGetBean$0(AbstractBeanFactory.java:339) ~[spring-beans-6.2.9.jar:6.2.9]
	at org.springframework.beans.factory.support.DefaultSingletonBeanRegistry.getSingleton(DefaultSingletonBeanRegistry.java:373) ~[spring-beans-6.2.9.jar:6.2.9]
	at org.springframework.beans.factory.support.AbstractBeanFactory.doGetBean(AbstractBeanFactory.java:337) ~[spring-beans-6.2.9.jar:6.2.9]
	at org.springframework.beans.factory.support.AbstractBeanFactory.getBean(AbstractBeanFactory.java:202) ~[spring-beans-6.2.9.jar:6.2.9]
	at org.springframework.beans.factory.support.BeanDefinitionValueResolver.resolveReference(BeanDefinitionValueResolver.java:365) ~[spring-beans-6.2.9.jar:6.2.9]
	at org.springframework.beans.factory.support.BeanDefinitionValueResolver.resolveValueIfNecessary(BeanDefinitionValueResolver.java:135) ~[spring-beans-6.2.9.jar:6.2.9]
	at org.springframework.beans.factory.support.AbstractAutowireCapableBeanFactory.applyPropertyValues(AbstractAutowireCapableBeanFactory.java:1725) ~[spring-beans-6.2.9.jar:6.2.9]
	at org.springframework.beans.factory.support.AbstractAutowireCapableBeanFactory.populateBean(AbstractAutowireCapableBeanFactory.java:1474) ~[spring-beans-6.2.9.jar:6.2.9]
	at org.springframework.beans.factory.support.AbstractAutowireCapableBeanFactory.doCreateBean(AbstractAutowireCapableBeanFactory.java:606) ~[spring-beans-6.2.9.jar:6.2.9]
	at org.springframework.beans.factory.support.AbstractAutowireCapableBeanFactory.createBean(AbstractAutowireCapableBeanFactory.java:529) ~[spring-beans-6.2.9.jar:6.2.9]
	at org.springframework.beans.factory.support.AbstractBeanFactory.lambda$doGetBean$0(AbstractBeanFactory.java:339) ~[spring-beans-6.2.9.jar:6.2.9]
	at org.springframework.beans.factory.support.DefaultSingletonBeanRegistry.getSingleton(DefaultSingletonBeanRegistry.java:373) ~[spring-beans-6.2.9.jar:6.2.9]
	at org.springframework.beans.factory.support.AbstractBeanFactory.doGetBean(AbstractBeanFactory.java:337) ~[spring-beans-6.2.9.jar:6.2.9]
	at org.springframework.beans.factory.support.AbstractBeanFactory.getBean(AbstractBeanFactory.java:202) ~[spring-beans-6.2.9.jar:6.2.9]
	at org.springframework.beans.factory.support.DefaultListableBeanFactory.doResolveDependency(DefaultListableBeanFactory.java:1683) ~[spring-beans-6.2.9.jar:6.2.9]
	at org.springframework.beans.factory.support.DefaultListableBeanFactory.resolveDependency(DefaultListableBeanFactory.java:1628) ~[spring-beans-6.2.9.jar:6.2.9]
	at org.springframework.beans.factory.annotation.AutowiredAnnotationBeanPostProcessor$AutowiredFieldElement.resolveFieldValue(AutowiredAnnotationBeanPostProcessor.java:785) ~[spring-beans-6.2.9.jar:6.2.9]
	at org.springframework.beans.factory.annotation.AutowiredAnnotationBeanPostProcessor$AutowiredFieldElement.inject(AutowiredAnnotationBeanPostProcessor.java:768) ~[spring-beans-6.2.9.jar:6.2.9]
	at org.springframework.beans.factory.annotation.InjectionMetadata.inject(InjectionMetadata.java:146) ~[spring-beans-6.2.9.jar:6.2.9]
	at org.springframework.beans.factory.annotation.AutowiredAnnotationBeanPostProcessor.postProcessProperties(AutowiredAnnotationBeanPostProcessor.java:509) ~[spring-beans-6.2.9.jar:6.2.9]
	at org.springframework.beans.factory.support.AbstractAutowireCapableBeanFactory.populateBean(AbstractAutowireCapableBeanFactory.java:1459) ~[spring-beans-6.2.9.jar:6.2.9]
	at org.springframework.beans.factory.support.AbstractAutowireCapableBeanFactory.doCreateBean(AbstractAutowireCapableBeanFactory.java:606) ~[spring-beans-6.2.9.jar:6.2.9]
	at org.springframework.beans.factory.support.AbstractAutowireCapableBeanFactory.createBean(AbstractAutowireCapableBeanFactory.java:529) ~[spring-beans-6.2.9.jar:6.2.9]
	at org.springframework.beans.factory.support.AbstractBeanFactory.lambda$doGetBean$0(AbstractBeanFactory.java:339) ~[spring-beans-6.2.9.jar:6.2.9]
	at org.springframework.beans.factory.support.DefaultSingletonBeanRegistry.getSingleton(DefaultSingletonBeanRegistry.java:373) ~[spring-beans-6.2.9.jar:6.2.9]
	at org.springframework.beans.factory.support.AbstractBeanFactory.doGetBean(AbstractBeanFactory.java:337) ~[spring-beans-6.2.9.jar:6.2.9]
	at org.springframework.beans.factory.support.AbstractBeanFactory.getBean(AbstractBeanFactory.java:207) ~[spring-beans-6.2.9.jar:6.2.9]
	at org.springframework.boot.web.servlet.ServletContextInitializerBeans.getOrderedBeansOfType(ServletContextInitializerBeans.java:230) ~[spring-boot-3.5.4.jar:3.5.4]
	at org.springframework.boot.web.servlet.ServletContextInitializerBeans.addAsRegistrationBean(ServletContextInitializerBeans.java:184) ~[spring-boot-3.5.4.jar:3.5.4]
	at org.springframework.boot.web.servlet.ServletContextInitializerBeans.addAsRegistrationBean(ServletContextInitializerBeans.java:179) ~[spring-boot-3.5.4.jar:3.5.4]
	at org.springframework.boot.web.servlet.ServletContextInitializerBeans.addAdaptableBeans(ServletContextInitializerBeans.java:164) ~[spring-boot-3.5.4.jar:3.5.4]
	at org.springframework.boot.web.servlet.ServletContextInitializerBeans.<init>(ServletContextInitializerBeans.java:96) ~[spring-boot-3.5.4.jar:3.5.4]
	at org.springframework.boot.web.servlet.context.ServletWebServerApplicationContext.getServletContextInitializerBeans(ServletWebServerApplicationContext.java:271) ~[spring-boot-3.5.4.jar:3.5.4]
	at org.springframework.boot.web.servlet.context.ServletWebServerApplicationContext.selfInitialize(ServletWebServerApplicationContext.java:245) ~[spring-boot-3.5.4.jar:3.5.4]
	at org.springframework.boot.web.embedded.tomcat.TomcatStarter.onStartup(TomcatStarter.java:52) ~[spring-boot-3.5.4.jar:3.5.4]
	at org.apache.catalina.core.StandardContext.startInternal(StandardContext.java:4464) ~[tomcat-embed-core-10.1.43.jar:10.1.43]
	at org.apache.catalina.util.LifecycleBase.start(LifecycleBase.java:164) ~[tomcat-embed-core-10.1.43.jar:10.1.43]
	at org.apache.catalina.core.ContainerBase$StartChild.call(ContainerBase.java:1203) ~[tomcat-embed-core-10.1.43.jar:10.1.43]
	at org.apache.catalina.core.ContainerBase$StartChild.call(ContainerBase.java:1193) ~[tomcat-embed-core-10.1.43.jar:10.1.43]
	at java.base/java.util.concurrent.FutureTask.run(FutureTask.java:264) ~[na:na]
	at org.apache.tomcat.util.threads.InlineExecutorService.execute(InlineExecutorService.java:75) ~[tomcat-embed-core-10.1.43.jar:10.1.43]
	at java.base/java.util.concurrent.AbstractExecutorService.submit(AbstractExecutorService.java:145) ~[na:na]
	at org.apache.catalina.core.ContainerBase.startInternal(ContainerBase.java:749) ~[tomcat-embed-core-10.1.43.jar:10.1.43]
	at org.apache.catalina.core.StandardHost.startInternal(StandardHost.java:772) ~[tomcat-embed-core-10.1.43.jar:10.1.43]
	at org.apache.catalina.util.LifecycleBase.start(LifecycleBase.java:164) ~[tomcat-embed-core-10.1.43.jar:10.1.43]
	at org.apache.catalina.core.ContainerBase$StartChild.call(ContainerBase.java:1203) ~[tomcat-embed-core-10.1.43.jar:10.1.43]
	at org.apache.catalina.core.ContainerBase$StartChild.call(ContainerBase.java:1193) ~[tomcat-embed-core-10.1.43.jar:10.1.43]
	at java.base/java.util.concurrent.FutureTask.run(FutureTask.java:264) ~[na:na]
	at org.apache.tomcat.util.threads.InlineExecutorService.execute(InlineExecutorService.java:75) ~[tomcat-embed-core-10.1.43.jar:10.1.43]
	at java.base/java.util.concurrent.AbstractExecutorService.submit(AbstractExecutorService.java:145) ~[na:na]
	at org.apache.catalina.core.ContainerBase.startInternal(ContainerBase.java:749) ~[tomcat-embed-core-10.1.43.jar:10.1.43]
	at org.apache.catalina.core.StandardEngine.startInternal(StandardEngine.java:203) ~[tomcat-embed-core-10.1.43.jar:10.1.43]
	at org.apache.catalina.util.LifecycleBase.start(LifecycleBase.java:164) ~[tomcat-embed-core-10.1.43.jar:10.1.43]
	at org.apache.catalina.core.StandardService.startInternal(StandardService.java:412) ~[tomcat-embed-core-10.1.43.jar:10.1.43]
	at org.apache.catalina.util.LifecycleBase.start(LifecycleBase.java:164) ~[tomcat-embed-core-10.1.43.jar:10.1.43]
	at org.apache.catalina.core.StandardServer.startInternal(StandardServer.java:870) ~[tomcat-embed-core-10.1.43.jar:10.1.43]
	at org.apache.catalina.util.LifecycleBase.start(LifecycleBase.java:164) ~[tomcat-embed-core-10.1.43.jar:10.1.43]
	at org.apache.catalina.startup.Tomcat.start(Tomcat.java:438) ~[tomcat-embed-core-10.1.43.jar:10.1.43]
	at org.springframework.boot.web.embedded.tomcat.TomcatWebServer.initialize(TomcatWebServer.java:128) ~[spring-boot-3.5.4.jar:3.5.4]
	at org.springframework.boot.web.embedded.tomcat.TomcatWebServer.<init>(TomcatWebServer.java:107) ~[spring-boot-3.5.4.jar:3.5.4]
	at org.springframework.boot.web.embedded.tomcat.TomcatServletWebServerFactory.getTomcatWebServer(TomcatServletWebServerFactory.java:517) ~[spring-boot-3.5.4.jar:3.5.4]
	at org.springframework.boot.web.embedded.tomcat.TomcatServletWebServerFactory.getWebServer(TomcatServletWebServerFactory.java:219) ~[spring-boot-3.5.4.jar:3.5.4]
	at org.springframework.boot.web.servlet.context.ServletWebServerApplicationContext.createWebServer(ServletWebServerApplicationContext.java:193) ~[spring-boot-3.5.4.jar:3.5.4]
	at org.springframework.boot.web.servlet.context.ServletWebServerApplicationContext.onRefresh(ServletWebServerApplicationContext.java:167) ~[spring-boot-3.5.4.jar:3.5.4]
	at org.springframework.context.support.AbstractApplicationContext.refresh(AbstractApplicationContext.java:621) ~[spring-context-6.2.9.jar:6.2.9]
	at org.springframework.boot.web.servlet.context.ServletWebServerApplicationContext.refresh(ServletWebServerApplicationContext.java:146) ~[spring-boot-3.5.4.jar:3.5.4]
	at org.springframework.boot.SpringApplication.refresh(SpringApplication.java:752) ~[spring-boot-3.5.4.jar:3.5.4]
	at org.springframework.boot.SpringApplication.refreshContext(SpringApplication.java:439) ~[spring-boot-3.5.4.jar:3.5.4]
	at org.springframework.boot.SpringApplication.run(SpringApplication.java:318) ~[spring-boot-3.5.4.jar:3.5.4]
	at org.springframework.boot.SpringApplication.run(SpringApplication.java:1361) ~[spring-boot-3.5.4.jar:3.5.4]
	at org.springframework.boot.SpringApplication.run(SpringApplication.java:1350) ~[spring-boot-3.5.4.jar:3.5.4]
	at com.example.hotel_inventory.HotelInventoryApplication.main(HotelInventoryApplication.java:10) ~[classes/:na]
Caused by: java.sql.SQLSyntaxErrorException: Table 'hotel_inventory.refresh_tokens' doesn't exist
	at com.mysql.cj.jdbc.exceptions.SQLError.createSQLException(SQLError.java:112) ~[mysql-connector-j-9.3.0.jar:9.3.0]
	at com.mysql.cj.jdbc.exceptions.SQLExceptionsMapping.translateException(SQLExceptionsMapping.java:114) ~[mysql-connector-j-9.3.0.jar:9.3.0]
	at com.mysql.cj.jdbc.StatementImpl.executeInternal(StatementImpl.java:837) ~[mysql-connector-j-9.3.0.jar:9.3.0]
	at com.mysql.cj.jdbc.StatementImpl.execute(StatementImpl.java:685) ~[mysql-connector-j-9.3.0.jar:9.3.0]
	at com.zaxxer.hikari.pool.ProxyStatement.execute(ProxyStatement.java:95) ~[HikariCP-6.3.1.jar:na]
	at com.zaxxer.hikari.pool.HikariProxyStatement.execute(HikariProxyStatement.java) ~[HikariCP-6.3.1.jar:na]
	at org.hibernate.tool.schema.internal.exec.GenerationTargetToDatabase.accept(GenerationTargetToDatabase.java:80) ~[hibernate-core-6.6.22.Final.jar:6.6.22.Final]
	... 110 common frames omitted

2025-08-26T12:53:11.680+05:30 DEBUG 9676 --- [hotel-inventory] [           main] org.hibernate.SQL                        : 
    alter table stock_transactions 
       drop 
       foreign key FKbu0o4vmyocuoka0c99p4xp8dy
Hibernate: 
    alter table stock_transactions 
       drop 
       foreign key FKbu0o4vmyocuoka0c99p4xp8dy
2025-08-26T12:53:11.680+05:30  WARN 9676 --- [hotel-inventory] [           main] o.h.t.s.i.ExceptionHandlerLoggedImpl     : GenerationTarget encountered exception accepting command : Error executing DDL "
    alter table stock_transactions 
       drop 
       foreign key FKbu0o4vmyocuoka0c99p4xp8dy" via JDBC [Table 'hotel_inventory.stock_transactions' doesn't exist]

org.hibernate.tool.schema.spi.CommandAcceptanceException: Error executing DDL "
    alter table stock_transactions 
       drop 
       foreign key FKbu0o4vmyocuoka0c99p4xp8dy" via JDBC [Table 'hotel_inventory.stock_transactions' doesn't exist]
	at org.hibernate.tool.schema.internal.exec.GenerationTargetToDatabase.accept(GenerationTargetToDatabase.java:94) ~[hibernate-core-6.6.22.Final.jar:6.6.22.Final]
	at org.hibernate.tool.schema.internal.Helper.applySqlString(Helper.java:233) ~[hibernate-core-6.6.22.Final.jar:6.6.22.Final]
	at org.hibernate.tool.schema.internal.Helper.applySqlStrings(Helper.java:217) ~[hibernate-core-6.6.22.Final.jar:6.6.22.Final]
	at org.hibernate.tool.schema.internal.SchemaDropperImpl.applyConstraintDropping(SchemaDropperImpl.java:479) ~[hibernate-core-6.6.22.Final.jar:6.6.22.Final]
	at org.hibernate.tool.schema.internal.SchemaDropperImpl.dropConstraintsTablesSequences(SchemaDropperImpl.java:245) ~[hibernate-core-6.6.22.Final.jar:6.6.22.Final]
	at org.hibernate.tool.schema.internal.SchemaDropperImpl.dropFromMetadata(SchemaDropperImpl.java:218) ~[hibernate-core-6.6.22.Final.jar:6.6.22.Final]
	at org.hibernate.tool.schema.internal.SchemaDropperImpl.performDrop(SchemaDropperImpl.java:186) ~[hibernate-core-6.6.22.Final.jar:6.6.22.Final]
	at org.hibernate.tool.schema.internal.SchemaDropperImpl.doDrop(SchemaDropperImpl.java:156) ~[hibernate-core-6.6.22.Final.jar:6.6.22.Final]
	at org.hibernate.tool.schema.internal.SchemaDropperImpl.doDrop(SchemaDropperImpl.java:116) ~[hibernate-core-6.6.22.Final.jar:6.6.22.Final]
	at org.hibernate.tool.schema.spi.SchemaManagementToolCoordinator.performDatabaseAction(SchemaManagementToolCoordinator.java:238) ~[hibernate-core-6.6.22.Final.jar:6.6.22.Final]
	at org.hibernate.tool.schema.spi.SchemaManagementToolCoordinator.lambda$process$5(SchemaManagementToolCoordinator.java:144) ~[hibernate-core-6.6.22.Final.jar:6.6.22.Final]
	at java.base/java.util.HashMap.forEach(HashMap.java:1421) ~[na:na]
	at org.hibernate.tool.schema.spi.SchemaManagementToolCoordinator.process(SchemaManagementToolCoordinator.java:141) ~[hibernate-core-6.6.22.Final.jar:6.6.22.Final]
	at org.hibernate.boot.internal.SessionFactoryObserverForSchemaExport.sessionFactoryCreated(SessionFactoryObserverForSchemaExport.java:37) ~[hibernate-core-6.6.22.Final.jar:6.6.22.Final]
	at org.hibernate.internal.SessionFactoryObserverChain.sessionFactoryCreated(SessionFactoryObserverChain.java:35) ~[hibernate-core-6.6.22.Final.jar:6.6.22.Final]
	at org.hibernate.internal.SessionFactoryImpl.<init>(SessionFactoryImpl.java:324) ~[hibernate-core-6.6.22.Final.jar:6.6.22.Final]
	at org.hibernate.boot.internal.SessionFactoryBuilderImpl.build(SessionFactoryBuilderImpl.java:463) ~[hibernate-core-6.6.22.Final.jar:6.6.22.Final]
	at org.hibernate.jpa.boot.internal.EntityManagerFactoryBuilderImpl.build(EntityManagerFactoryBuilderImpl.java:1517) ~[hibernate-core-6.6.22.Final.jar:6.6.22.Final]
	at org.springframework.orm.jpa.vendor.SpringHibernateJpaPersistenceProvider.createContainerEntityManagerFactory(SpringHibernateJpaPersistenceProvider.java:66) ~[spring-orm-6.2.9.jar:6.2.9]
	at org.springframework.orm.jpa.LocalContainerEntityManagerFactoryBean.createNativeEntityManagerFactory(LocalContainerEntityManagerFactoryBean.java:390) ~[spring-orm-6.2.9.jar:6.2.9]
	at org.springframework.orm.jpa.AbstractEntityManagerFactoryBean.buildNativeEntityManagerFactory(AbstractEntityManagerFactoryBean.java:419) ~[spring-orm-6.2.9.jar:6.2.9]
	at org.springframework.orm.jpa.AbstractEntityManagerFactoryBean.afterPropertiesSet(AbstractEntityManagerFactoryBean.java:400) ~[spring-orm-6.2.9.jar:6.2.9]
	at org.springframework.orm.jpa.LocalContainerEntityManagerFactoryBean.afterPropertiesSet(LocalContainerEntityManagerFactoryBean.java:366) ~[spring-orm-6.2.9.jar:6.2.9]
	at org.springframework.beans.factory.support.AbstractAutowireCapableBeanFactory.invokeInitMethods(AbstractAutowireCapableBeanFactory.java:1873) ~[spring-beans-6.2.9.jar:6.2.9]
	at org.springframework.beans.factory.support.AbstractAutowireCapableBeanFactory.initializeBean(AbstractAutowireCapableBeanFactory.java:1822) ~[spring-beans-6.2.9.jar:6.2.9]
	at org.springframework.beans.factory.support.AbstractAutowireCapableBeanFactory.doCreateBean(AbstractAutowireCapableBeanFactory.java:607) ~[spring-beans-6.2.9.jar:6.2.9]
	at org.springframework.beans.factory.support.AbstractAutowireCapableBeanFactory.createBean(AbstractAutowireCapableBeanFactory.java:529) ~[spring-beans-6.2.9.jar:6.2.9]
	at org.springframework.beans.factory.support.AbstractBeanFactory.lambda$doGetBean$0(AbstractBeanFactory.java:339) ~[spring-beans-6.2.9.jar:6.2.9]
	at org.springframework.beans.factory.support.DefaultSingletonBeanRegistry.getSingleton(DefaultSingletonBeanRegistry.java:373) ~[spring-beans-6.2.9.jar:6.2.9]
	at org.springframework.beans.factory.support.AbstractBeanFactory.doGetBean(AbstractBeanFactory.java:337) ~[spring-beans-6.2.9.jar:6.2.9]
	at org.springframework.beans.factory.support.AbstractBeanFactory.getBean(AbstractBeanFactory.java:202) ~[spring-beans-6.2.9.jar:6.2.9]
	at org.springframework.beans.factory.support.BeanDefinitionValueResolver.resolveReference(BeanDefinitionValueResolver.java:365) ~[spring-beans-6.2.9.jar:6.2.9]
	at org.springframework.beans.factory.support.BeanDefinitionValueResolver.resolveValueIfNecessary(BeanDefinitionValueResolver.java:135) ~[spring-beans-6.2.9.jar:6.2.9]
	at org.springframework.beans.factory.support.ConstructorResolver.resolveConstructorArguments(ConstructorResolver.java:691) ~[spring-beans-6.2.9.jar:6.2.9]
	at org.springframework.beans.factory.support.ConstructorResolver.instantiateUsingFactoryMethod(ConstructorResolver.java:513) ~[spring-beans-6.2.9.jar:6.2.9]
	at org.springframework.beans.factory.support.AbstractAutowireCapableBeanFactory.instantiateUsingFactoryMethod(AbstractAutowireCapableBeanFactory.java:1375) ~[spring-beans-6.2.9.jar:6.2.9]
	at org.springframework.beans.factory.support.AbstractAutowireCapableBeanFactory.createBeanInstance(AbstractAutowireCapableBeanFactory.java:1205) ~[spring-beans-6.2.9.jar:6.2.9]
	at org.springframework.beans.factory.support.AbstractAutowireCapableBeanFactory.doCreateBean(AbstractAutowireCapableBeanFactory.java:569) ~[spring-beans-6.2.9.jar:6.2.9]
	at org.springframework.beans.factory.support.AbstractAutowireCapableBeanFactory.createBean(AbstractAutowireCapableBeanFactory.java:529) ~[spring-beans-6.2.9.jar:6.2.9]
	at org.springframework.beans.factory.support.AbstractBeanFactory.lambda$doGetBean$0(AbstractBeanFactory.java:339) ~[spring-beans-6.2.9.jar:6.2.9]
	at org.springframework.beans.factory.support.DefaultSingletonBeanRegistry.getSingleton(DefaultSingletonBeanRegistry.java:373) ~[spring-beans-6.2.9.jar:6.2.9]
	at org.springframework.beans.factory.support.AbstractBeanFactory.doGetBean(AbstractBeanFactory.java:337) ~[spring-beans-6.2.9.jar:6.2.9]
	at org.springframework.beans.factory.support.AbstractBeanFactory.getBean(AbstractBeanFactory.java:202) ~[spring-beans-6.2.9.jar:6.2.9]
	at org.springframework.beans.factory.support.BeanDefinitionValueResolver.resolveReference(BeanDefinitionValueResolver.java:365) ~[spring-beans-6.2.9.jar:6.2.9]
	at org.springframework.beans.factory.support.BeanDefinitionValueResolver.resolveValueIfNecessary(BeanDefinitionValueResolver.java:135) ~[spring-beans-6.2.9.jar:6.2.9]
	at org.springframework.beans.factory.support.AbstractAutowireCapableBeanFactory.applyPropertyValues(AbstractAutowireCapableBeanFactory.java:1725) ~[spring-beans-6.2.9.jar:6.2.9]
	at org.springframework.beans.factory.support.AbstractAutowireCapableBeanFactory.populateBean(AbstractAutowireCapableBeanFactory.java:1474) ~[spring-beans-6.2.9.jar:6.2.9]
	at org.springframework.beans.factory.support.AbstractAutowireCapableBeanFactory.doCreateBean(AbstractAutowireCapableBeanFactory.java:606) ~[spring-beans-6.2.9.jar:6.2.9]
	at org.springframework.beans.factory.support.AbstractAutowireCapableBeanFactory.createBean(AbstractAutowireCapableBeanFactory.java:529) ~[spring-beans-6.2.9.jar:6.2.9]
	at org.springframework.beans.factory.support.AbstractBeanFactory.lambda$doGetBean$0(AbstractBeanFactory.java:339) ~[spring-beans-6.2.9.jar:6.2.9]
	at org.springframework.beans.factory.support.DefaultSingletonBeanRegistry.getSingleton(DefaultSingletonBeanRegistry.java:373) ~[spring-beans-6.2.9.jar:6.2.9]
	at org.springframework.beans.factory.support.AbstractBeanFactory.doGetBean(AbstractBeanFactory.java:337) ~[spring-beans-6.2.9.jar:6.2.9]
	at org.springframework.beans.factory.support.AbstractBeanFactory.getBean(AbstractBeanFactory.java:202) ~[spring-beans-6.2.9.jar:6.2.9]
	at org.springframework.beans.factory.support.DefaultListableBeanFactory.doResolveDependency(DefaultListableBeanFactory.java:1683) ~[spring-beans-6.2.9.jar:6.2.9]
	at org.springframework.beans.factory.support.DefaultListableBeanFactory.resolveDependency(DefaultListableBeanFactory.java:1628) ~[spring-beans-6.2.9.jar:6.2.9]
	at org.springframework.beans.factory.annotation.AutowiredAnnotationBeanPostProcessor$AutowiredFieldElement.resolveFieldValue(AutowiredAnnotationBeanPostProcessor.java:785) ~[spring-beans-6.2.9.jar:6.2.9]
	at org.springframework.beans.factory.annotation.AutowiredAnnotationBeanPostProcessor$AutowiredFieldElement.inject(AutowiredAnnotationBeanPostProcessor.java:768) ~[spring-beans-6.2.9.jar:6.2.9]
	at org.springframework.beans.factory.annotation.InjectionMetadata.inject(InjectionMetadata.java:146) ~[spring-beans-6.2.9.jar:6.2.9]
	at org.springframework.beans.factory.annotation.AutowiredAnnotationBeanPostProcessor.postProcessProperties(AutowiredAnnotationBeanPostProcessor.java:509) ~[spring-beans-6.2.9.jar:6.2.9]
	at org.springframework.beans.factory.support.AbstractAutowireCapableBeanFactory.populateBean(AbstractAutowireCapableBeanFactory.java:1459) ~[spring-beans-6.2.9.jar:6.2.9]
	at org.springframework.beans.factory.support.AbstractAutowireCapableBeanFactory.doCreateBean(AbstractAutowireCapableBeanFactory.java:606) ~[spring-beans-6.2.9.jar:6.2.9]
	at org.springframework.beans.factory.support.AbstractAutowireCapableBeanFactory.createBean(AbstractAutowireCapableBeanFactory.java:529) ~[spring-beans-6.2.9.jar:6.2.9]
	at org.springframework.beans.factory.support.AbstractBeanFactory.lambda$doGetBean$0(AbstractBeanFactory.java:339) ~[spring-beans-6.2.9.jar:6.2.9]
	at org.springframework.beans.factory.support.DefaultSingletonBeanRegistry.getSingleton(DefaultSingletonBeanRegistry.java:373) ~[spring-beans-6.2.9.jar:6.2.9]
	at org.springframework.beans.factory.support.AbstractBeanFactory.doGetBean(AbstractBeanFactory.java:337) ~[spring-beans-6.2.9.jar:6.2.9]
	at org.springframework.beans.factory.support.AbstractBeanFactory.getBean(AbstractBeanFactory.java:207) ~[spring-beans-6.2.9.jar:6.2.9]
	at org.springframework.boot.web.servlet.ServletContextInitializerBeans.getOrderedBeansOfType(ServletContextInitializerBeans.java:230) ~[spring-boot-3.5.4.jar:3.5.4]
	at org.springframework.boot.web.servlet.ServletContextInitializerBeans.addAsRegistrationBean(ServletContextInitializerBeans.java:184) ~[spring-boot-3.5.4.jar:3.5.4]
	at org.springframework.boot.web.servlet.ServletContextInitializerBeans.addAsRegistrationBean(ServletContextInitializerBeans.java:179) ~[spring-boot-3.5.4.jar:3.5.4]
	at org.springframework.boot.web.servlet.ServletContextInitializerBeans.addAdaptableBeans(ServletContextInitializerBeans.java:164) ~[spring-boot-3.5.4.jar:3.5.4]
	at org.springframework.boot.web.servlet.ServletContextInitializerBeans.<init>(ServletContextInitializerBeans.java:96) ~[spring-boot-3.5.4.jar:3.5.4]
	at org.springframework.boot.web.servlet.context.ServletWebServerApplicationContext.getServletContextInitializerBeans(ServletWebServerApplicationContext.java:271) ~[spring-boot-3.5.4.jar:3.5.4]
	at org.springframework.boot.web.servlet.context.ServletWebServerApplicationContext.selfInitialize(ServletWebServerApplicationContext.java:245) ~[spring-boot-3.5.4.jar:3.5.4]
	at org.springframework.boot.web.embedded.tomcat.TomcatStarter.onStartup(TomcatStarter.java:52) ~[spring-boot-3.5.4.jar:3.5.4]
	at org.apache.catalina.core.StandardContext.startInternal(StandardContext.java:4464) ~[tomcat-embed-core-10.1.43.jar:10.1.43]
	at org.apache.catalina.util.LifecycleBase.start(LifecycleBase.java:164) ~[tomcat-embed-core-10.1.43.jar:10.1.43]
	at org.apache.catalina.core.ContainerBase$StartChild.call(ContainerBase.java:1203) ~[tomcat-embed-core-10.1.43.jar:10.1.43]
	at org.apache.catalina.core.ContainerBase$StartChild.call(ContainerBase.java:1193) ~[tomcat-embed-core-10.1.43.jar:10.1.43]
	at java.base/java.util.concurrent.FutureTask.run(FutureTask.java:264) ~[na:na]
	at org.apache.tomcat.util.threads.InlineExecutorService.execute(InlineExecutorService.java:75) ~[tomcat-embed-core-10.1.43.jar:10.1.43]
	at java.base/java.util.concurrent.AbstractExecutorService.submit(AbstractExecutorService.java:145) ~[na:na]
	at org.apache.catalina.core.ContainerBase.startInternal(ContainerBase.java:749) ~[tomcat-embed-core-10.1.43.jar:10.1.43]
	at org.apache.catalina.core.StandardHost.startInternal(StandardHost.java:772) ~[tomcat-embed-core-10.1.43.jar:10.1.43]
	at org.apache.catalina.util.LifecycleBase.start(LifecycleBase.java:164) ~[tomcat-embed-core-10.1.43.jar:10.1.43]
	at org.apache.catalina.core.ContainerBase$StartChild.call(ContainerBase.java:1203) ~[tomcat-embed-core-10.1.43.jar:10.1.43]
	at org.apache.catalina.core.ContainerBase$StartChild.call(ContainerBase.java:1193) ~[tomcat-embed-core-10.1.43.jar:10.1.43]
	at java.base/java.util.concurrent.FutureTask.run(FutureTask.java:264) ~[na:na]
	at org.apache.tomcat.util.threads.InlineExecutorService.execute(InlineExecutorService.java:75) ~[tomcat-embed-core-10.1.43.jar:10.1.43]
	at java.base/java.util.concurrent.AbstractExecutorService.submit(AbstractExecutorService.java:145) ~[na:na]
	at org.apache.catalina.core.ContainerBase.startInternal(ContainerBase.java:749) ~[tomcat-embed-core-10.1.43.jar:10.1.43]
	at org.apache.catalina.core.StandardEngine.startInternal(StandardEngine.java:203) ~[tomcat-embed-core-10.1.43.jar:10.1.43]
	at org.apache.catalina.util.LifecycleBase.start(LifecycleBase.java:164) ~[tomcat-embed-core-10.1.43.jar:10.1.43]
	at org.apache.catalina.core.StandardService.startInternal(StandardService.java:412) ~[tomcat-embed-core-10.1.43.jar:10.1.43]
	at org.apache.catalina.util.LifecycleBase.start(LifecycleBase.java:164) ~[tomcat-embed-core-10.1.43.jar:10.1.43]
	at org.apache.catalina.core.StandardServer.startInternal(StandardServer.java:870) ~[tomcat-embed-core-10.1.43.jar:10.1.43]
	at org.apache.catalina.util.LifecycleBase.start(LifecycleBase.java:164) ~[tomcat-embed-core-10.1.43.jar:10.1.43]
	at org.apache.catalina.startup.Tomcat.start(Tomcat.java:438) ~[tomcat-embed-core-10.1.43.jar:10.1.43]
	at org.springframework.boot.web.embedded.tomcat.TomcatWebServer.initialize(TomcatWebServer.java:128) ~[spring-boot-3.5.4.jar:3.5.4]
	at org.springframework.boot.web.embedded.tomcat.TomcatWebServer.<init>(TomcatWebServer.java:107) ~[spring-boot-3.5.4.jar:3.5.4]
	at org.springframework.boot.web.embedded.tomcat.TomcatServletWebServerFactory.getTomcatWebServer(TomcatServletWebServerFactory.java:517) ~[spring-boot-3.5.4.jar:3.5.4]
	at org.springframework.boot.web.embedded.tomcat.TomcatServletWebServerFactory.getWebServer(TomcatServletWebServerFactory.java:219) ~[spring-boot-3.5.4.jar:3.5.4]
	at org.springframework.boot.web.servlet.context.ServletWebServerApplicationContext.createWebServer(ServletWebServerApplicationContext.java:193) ~[spring-boot-3.5.4.jar:3.5.4]
	at org.springframework.boot.web.servlet.context.ServletWebServerApplicationContext.onRefresh(ServletWebServerApplicationContext.java:167) ~[spring-boot-3.5.4.jar:3.5.4]
	at org.springframework.context.support.AbstractApplicationContext.refresh(AbstractApplicationContext.java:621) ~[spring-context-6.2.9.jar:6.2.9]
	at org.springframework.boot.web.servlet.context.ServletWebServerApplicationContext.refresh(ServletWebServerApplicationContext.java:146) ~[spring-boot-3.5.4.jar:3.5.4]
	at org.springframework.boot.SpringApplication.refresh(SpringApplication.java:752) ~[spring-boot-3.5.4.jar:3.5.4]
	at org.springframework.boot.SpringApplication.refreshContext(SpringApplication.java:439) ~[spring-boot-3.5.4.jar:3.5.4]
	at org.springframework.boot.SpringApplication.run(SpringApplication.java:318) ~[spring-boot-3.5.4.jar:3.5.4]
	at org.springframework.boot.SpringApplication.run(SpringApplication.java:1361) ~[spring-boot-3.5.4.jar:3.5.4]
	at org.springframework.boot.SpringApplication.run(SpringApplication.java:1350) ~[spring-boot-3.5.4.jar:3.5.4]
	at com.example.hotel_inventory.HotelInventoryApplication.main(HotelInventoryApplication.java:10) ~[classes/:na]
Caused by: java.sql.SQLSyntaxErrorException: Table 'hotel_inventory.stock_transactions' doesn't exist
	at com.mysql.cj.jdbc.exceptions.SQLError.createSQLException(SQLError.java:112) ~[mysql-connector-j-9.3.0.jar:9.3.0]
	at com.mysql.cj.jdbc.exceptions.SQLExceptionsMapping.translateException(SQLExceptionsMapping.java:114) ~[mysql-connector-j-9.3.0.jar:9.3.0]
	at com.mysql.cj.jdbc.StatementImpl.executeInternal(StatementImpl.java:837) ~[mysql-connector-j-9.3.0.jar:9.3.0]
	at com.mysql.cj.jdbc.StatementImpl.execute(StatementImpl.java:685) ~[mysql-connector-j-9.3.0.jar:9.3.0]
	at com.zaxxer.hikari.pool.ProxyStatement.execute(ProxyStatement.java:95) ~[HikariCP-6.3.1.jar:na]
	at com.zaxxer.hikari.pool.HikariProxyStatement.execute(HikariProxyStatement.java) ~[HikariCP-6.3.1.jar:na]
	at org.hibernate.tool.schema.internal.exec.GenerationTargetToDatabase.accept(GenerationTargetToDatabase.java:80) ~[hibernate-core-6.6.22.Final.jar:6.6.22.Final]
	... 110 common frames omitted

2025-08-26T12:53:11.682+05:30 DEBUG 9676 --- [hotel-inventory] [           main] org.hibernate.SQL                        : 
    alter table stock_transactions 
       drop 
       foreign key FKfo0gahx989s3a0x5tq2rwn4iq
Hibernate: 
    alter table stock_transactions 
       drop 
       foreign key FKfo0gahx989s3a0x5tq2rwn4iq
2025-08-26T12:53:11.683+05:30  WARN 9676 --- [hotel-inventory] [           main] o.h.t.s.i.ExceptionHandlerLoggedImpl     : GenerationTarget encountered exception accepting command : Error executing DDL "
    alter table stock_transactions 
       drop 
       foreign key FKfo0gahx989s3a0x5tq2rwn4iq" via JDBC [Table 'hotel_inventory.stock_transactions' doesn't exist]

org.hibernate.tool.schema.spi.CommandAcceptanceException: Error executing DDL "
    alter table stock_transactions 
       drop 
       foreign key FKfo0gahx989s3a0x5tq2rwn4iq" via JDBC [Table 'hotel_inventory.stock_transactions' doesn't exist]
	at org.hibernate.tool.schema.internal.exec.GenerationTargetToDatabase.accept(GenerationTargetToDatabase.java:94) ~[hibernate-core-6.6.22.Final.jar:6.6.22.Final]
	at org.hibernate.tool.schema.internal.Helper.applySqlString(Helper.java:233) ~[hibernate-core-6.6.22.Final.jar:6.6.22.Final]
	at org.hibernate.tool.schema.internal.Helper.applySqlStrings(Helper.java:217) ~[hibernate-core-6.6.22.Final.jar:6.6.22.Final]
	at org.hibernate.tool.schema.internal.SchemaDropperImpl.applyConstraintDropping(SchemaDropperImpl.java:479) ~[hibernate-core-6.6.22.Final.jar:6.6.22.Final]
	at org.hibernate.tool.schema.internal.SchemaDropperImpl.dropConstraintsTablesSequences(SchemaDropperImpl.java:245) ~[hibernate-core-6.6.22.Final.jar:6.6.22.Final]
	at org.hibernate.tool.schema.internal.SchemaDropperImpl.dropFromMetadata(SchemaDropperImpl.java:218) ~[hibernate-core-6.6.22.Final.jar:6.6.22.Final]
	at org.hibernate.tool.schema.internal.SchemaDropperImpl.performDrop(SchemaDropperImpl.java:186) ~[hibernate-core-6.6.22.Final.jar:6.6.22.Final]
	at org.hibernate.tool.schema.internal.SchemaDropperImpl.doDrop(SchemaDropperImpl.java:156) ~[hibernate-core-6.6.22.Final.jar:6.6.22.Final]
	at org.hibernate.tool.schema.internal.SchemaDropperImpl.doDrop(SchemaDropperImpl.java:116) ~[hibernate-core-6.6.22.Final.jar:6.6.22.Final]
	at org.hibernate.tool.schema.spi.SchemaManagementToolCoordinator.performDatabaseAction(SchemaManagementToolCoordinator.java:238) ~[hibernate-core-6.6.22.Final.jar:6.6.22.Final]
	at org.hibernate.tool.schema.spi.SchemaManagementToolCoordinator.lambda$process$5(SchemaManagementToolCoordinator.java:144) ~[hibernate-core-6.6.22.Final.jar:6.6.22.Final]
	at java.base/java.util.HashMap.forEach(HashMap.java:1421) ~[na:na]
	at org.hibernate.tool.schema.spi.SchemaManagementToolCoordinator.process(SchemaManagementToolCoordinator.java:141) ~[hibernate-core-6.6.22.Final.jar:6.6.22.Final]
	at org.hibernate.boot.internal.SessionFactoryObserverForSchemaExport.sessionFactoryCreated(SessionFactoryObserverForSchemaExport.java:37) ~[hibernate-core-6.6.22.Final.jar:6.6.22.Final]
	at org.hibernate.internal.SessionFactoryObserverChain.sessionFactoryCreated(SessionFactoryObserverChain.java:35) ~[hibernate-core-6.6.22.Final.jar:6.6.22.Final]
	at org.hibernate.internal.SessionFactoryImpl.<init>(SessionFactoryImpl.java:324) ~[hibernate-core-6.6.22.Final.jar:6.6.22.Final]
	at org.hibernate.boot.internal.SessionFactoryBuilderImpl.build(SessionFactoryBuilderImpl.java:463) ~[hibernate-core-6.6.22.Final.jar:6.6.22.Final]
	at org.hibernate.jpa.boot.internal.EntityManagerFactoryBuilderImpl.build(EntityManagerFactoryBuilderImpl.java:1517) ~[hibernate-core-6.6.22.Final.jar:6.6.22.Final]
	at org.springframework.orm.jpa.vendor.SpringHibernateJpaPersistenceProvider.createContainerEntityManagerFactory(SpringHibernateJpaPersistenceProvider.java:66) ~[spring-orm-6.2.9.jar:6.2.9]
	at org.springframework.orm.jpa.LocalContainerEntityManagerFactoryBean.createNativeEntityManagerFactory(LocalContainerEntityManagerFactoryBean.java:390) ~[spring-orm-6.2.9.jar:6.2.9]
	at org.springframework.orm.jpa.AbstractEntityManagerFactoryBean.buildNativeEntityManagerFactory(AbstractEntityManagerFactoryBean.java:419) ~[spring-orm-6.2.9.jar:6.2.9]
	at org.springframework.orm.jpa.AbstractEntityManagerFactoryBean.afterPropertiesSet(AbstractEntityManagerFactoryBean.java:400) ~[spring-orm-6.2.9.jar:6.2.9]
	at org.springframework.orm.jpa.LocalContainerEntityManagerFactoryBean.afterPropertiesSet(LocalContainerEntityManagerFactoryBean.java:366) ~[spring-orm-6.2.9.jar:6.2.9]
	at org.springframework.beans.factory.support.AbstractAutowireCapableBeanFactory.invokeInitMethods(AbstractAutowireCapableBeanFactory.java:1873) ~[spring-beans-6.2.9.jar:6.2.9]
	at org.springframework.beans.factory.support.AbstractAutowireCapableBeanFactory.initializeBean(AbstractAutowireCapableBeanFactory.java:1822) ~[spring-beans-6.2.9.jar:6.2.9]
	at org.springframework.beans.factory.support.AbstractAutowireCapableBeanFactory.doCreateBean(AbstractAutowireCapableBeanFactory.java:607) ~[spring-beans-6.2.9.jar:6.2.9]
	at org.springframework.beans.factory.support.AbstractAutowireCapableBeanFactory.createBean(AbstractAutowireCapableBeanFactory.java:529) ~[spring-beans-6.2.9.jar:6.2.9]
	at org.springframework.beans.factory.support.AbstractBeanFactory.lambda$doGetBean$0(AbstractBeanFactory.java:339) ~[spring-beans-6.2.9.jar:6.2.9]
	at org.springframework.beans.factory.support.DefaultSingletonBeanRegistry.getSingleton(DefaultSingletonBeanRegistry.java:373) ~[spring-beans-6.2.9.jar:6.2.9]
	at org.springframework.beans.factory.support.AbstractBeanFactory.doGetBean(AbstractBeanFactory.java:337) ~[spring-beans-6.2.9.jar:6.2.9]
	at org.springframework.beans.factory.support.AbstractBeanFactory.getBean(AbstractBeanFactory.java:202) ~[spring-beans-6.2.9.jar:6.2.9]
	at org.springframework.beans.factory.support.BeanDefinitionValueResolver.resolveReference(BeanDefinitionValueResolver.java:365) ~[spring-beans-6.2.9.jar:6.2.9]
	at org.springframework.beans.factory.support.BeanDefinitionValueResolver.resolveValueIfNecessary(BeanDefinitionValueResolver.java:135) ~[spring-beans-6.2.9.jar:6.2.9]
	at org.springframework.beans.factory.support.ConstructorResolver.resolveConstructorArguments(ConstructorResolver.java:691) ~[spring-beans-6.2.9.jar:6.2.9]
	at org.springframework.beans.factory.support.ConstructorResolver.instantiateUsingFactoryMethod(ConstructorResolver.java:513) ~[spring-beans-6.2.9.jar:6.2.9]
	at org.springframework.beans.factory.support.AbstractAutowireCapableBeanFactory.instantiateUsingFactoryMethod(AbstractAutowireCapableBeanFactory.java:1375) ~[spring-beans-6.2.9.jar:6.2.9]
	at org.springframework.beans.factory.support.AbstractAutowireCapableBeanFactory.createBeanInstance(AbstractAutowireCapableBeanFactory.java:1205) ~[spring-beans-6.2.9.jar:6.2.9]
	at org.springframework.beans.factory.support.AbstractAutowireCapableBeanFactory.doCreateBean(AbstractAutowireCapableBeanFactory.java:569) ~[spring-beans-6.2.9.jar:6.2.9]
	at org.springframework.beans.factory.support.AbstractAutowireCapableBeanFactory.createBean(AbstractAutowireCapableBeanFactory.java:529) ~[spring-beans-6.2.9.jar:6.2.9]
	at org.springframework.beans.factory.support.AbstractBeanFactory.lambda$doGetBean$0(AbstractBeanFactory.java:339) ~[spring-beans-6.2.9.jar:6.2.9]
	at org.springframework.beans.factory.support.DefaultSingletonBeanRegistry.getSingleton(DefaultSingletonBeanRegistry.java:373) ~[spring-beans-6.2.9.jar:6.2.9]
	at org.springframework.beans.factory.support.AbstractBeanFactory.doGetBean(AbstractBeanFactory.java:337) ~[spring-beans-6.2.9.jar:6.2.9]
	at org.springframework.beans.factory.support.AbstractBeanFactory.getBean(AbstractBeanFactory.java:202) ~[spring-beans-6.2.9.jar:6.2.9]
	at org.springframework.beans.factory.support.BeanDefinitionValueResolver.resolveReference(BeanDefinitionValueResolver.java:365) ~[spring-beans-6.2.9.jar:6.2.9]
	at org.springframework.beans.factory.support.BeanDefinitionValueResolver.resolveValueIfNecessary(BeanDefinitionValueResolver.java:135) ~[spring-beans-6.2.9.jar:6.2.9]
	at org.springframework.beans.factory.support.AbstractAutowireCapableBeanFactory.applyPropertyValues(AbstractAutowireCapableBeanFactory.java:1725) ~[spring-beans-6.2.9.jar:6.2.9]
	at org.springframework.beans.factory.support.AbstractAutowireCapableBeanFactory.populateBean(AbstractAutowireCapableBeanFactory.java:1474) ~[spring-beans-6.2.9.jar:6.2.9]
	at org.springframework.beans.factory.support.AbstractAutowireCapableBeanFactory.doCreateBean(AbstractAutowireCapableBeanFactory.java:606) ~[spring-beans-6.2.9.jar:6.2.9]
	at org.springframework.beans.factory.support.AbstractAutowireCapableBeanFactory.createBean(AbstractAutowireCapableBeanFactory.java:529) ~[spring-beans-6.2.9.jar:6.2.9]
	at org.springframework.beans.factory.support.AbstractBeanFactory.lambda$doGetBean$0(AbstractBeanFactory.java:339) ~[spring-beans-6.2.9.jar:6.2.9]
	at org.springframework.beans.factory.support.DefaultSingletonBeanRegistry.getSingleton(DefaultSingletonBeanRegistry.java:373) ~[spring-beans-6.2.9.jar:6.2.9]
	at org.springframework.beans.factory.support.AbstractBeanFactory.doGetBean(AbstractBeanFactory.java:337) ~[spring-beans-6.2.9.jar:6.2.9]
	at org.springframework.beans.factory.support.AbstractBeanFactory.getBean(AbstractBeanFactory.java:202) ~[spring-beans-6.2.9.jar:6.2.9]
	at org.springframework.beans.factory.support.DefaultListableBeanFactory.doResolveDependency(DefaultListableBeanFactory.java:1683) ~[spring-beans-6.2.9.jar:6.2.9]
	at org.springframework.beans.factory.support.DefaultListableBeanFactory.resolveDependency(DefaultListableBeanFactory.java:1628) ~[spring-beans-6.2.9.jar:6.2.9]
	at org.springframework.beans.factory.annotation.AutowiredAnnotationBeanPostProcessor$AutowiredFieldElement.resolveFieldValue(AutowiredAnnotationBeanPostProcessor.java:785) ~[spring-beans-6.2.9.jar:6.2.9]
	at org.springframework.beans.factory.annotation.AutowiredAnnotationBeanPostProcessor$AutowiredFieldElement.inject(AutowiredAnnotationBeanPostProcessor.java:768) ~[spring-beans-6.2.9.jar:6.2.9]
	at org.springframework.beans.factory.annotation.InjectionMetadata.inject(InjectionMetadata.java:146) ~[spring-beans-6.2.9.jar:6.2.9]
	at org.springframework.beans.factory.annotation.AutowiredAnnotationBeanPostProcessor.postProcessProperties(AutowiredAnnotationBeanPostProcessor.java:509) ~[spring-beans-6.2.9.jar:6.2.9]
	at org.springframework.beans.factory.support.AbstractAutowireCapableBeanFactory.populateBean(AbstractAutowireCapableBeanFactory.java:1459) ~[spring-beans-6.2.9.jar:6.2.9]
	at org.springframework.beans.factory.support.AbstractAutowireCapableBeanFactory.doCreateBean(AbstractAutowireCapableBeanFactory.java:606) ~[spring-beans-6.2.9.jar:6.2.9]
	at org.springframework.beans.factory.support.AbstractAutowireCapableBeanFactory.createBean(AbstractAutowireCapableBeanFactory.java:529) ~[spring-beans-6.2.9.jar:6.2.9]
	at org.springframework.beans.factory.support.AbstractBeanFactory.lambda$doGetBean$0(AbstractBeanFactory.java:339) ~[spring-beans-6.2.9.jar:6.2.9]
	at org.springframework.beans.factory.support.DefaultSingletonBeanRegistry.getSingleton(DefaultSingletonBeanRegistry.java:373) ~[spring-beans-6.2.9.jar:6.2.9]
	at org.springframework.beans.factory.support.AbstractBeanFactory.doGetBean(AbstractBeanFactory.java:337) ~[spring-beans-6.2.9.jar:6.2.9]
	at org.springframework.beans.factory.support.AbstractBeanFactory.getBean(AbstractBeanFactory.java:207) ~[spring-beans-6.2.9.jar:6.2.9]
	at org.springframework.boot.web.servlet.ServletContextInitializerBeans.getOrderedBeansOfType(ServletContextInitializerBeans.java:230) ~[spring-boot-3.5.4.jar:3.5.4]
	at org.springframework.boot.web.servlet.ServletContextInitializerBeans.addAsRegistrationBean(ServletContextInitializerBeans.java:184) ~[spring-boot-3.5.4.jar:3.5.4]
	at org.springframework.boot.web.servlet.ServletContextInitializerBeans.addAsRegistrationBean(ServletContextInitializerBeans.java:179) ~[spring-boot-3.5.4.jar:3.5.4]
	at org.springframework.boot.web.servlet.ServletContextInitializerBeans.addAdaptableBeans(ServletContextInitializerBeans.java:164) ~[spring-boot-3.5.4.jar:3.5.4]
	at org.springframework.boot.web.servlet.ServletContextInitializerBeans.<init>(ServletContextInitializerBeans.java:96) ~[spring-boot-3.5.4.jar:3.5.4]
	at org.springframework.boot.web.servlet.context.ServletWebServerApplicationContext.getServletContextInitializerBeans(ServletWebServerApplicationContext.java:271) ~[spring-boot-3.5.4.jar:3.5.4]
	at org.springframework.boot.web.servlet.context.ServletWebServerApplicationContext.selfInitialize(ServletWebServerApplicationContext.java:245) ~[spring-boot-3.5.4.jar:3.5.4]
	at org.springframework.boot.web.embedded.tomcat.TomcatStarter.onStartup(TomcatStarter.java:52) ~[spring-boot-3.5.4.jar:3.5.4]
	at org.apache.catalina.core.StandardContext.startInternal(StandardContext.java:4464) ~[tomcat-embed-core-10.1.43.jar:10.1.43]
	at org.apache.catalina.util.LifecycleBase.start(LifecycleBase.java:164) ~[tomcat-embed-core-10.1.43.jar:10.1.43]
	at org.apache.catalina.core.ContainerBase$StartChild.call(ContainerBase.java:1203) ~[tomcat-embed-core-10.1.43.jar:10.1.43]
	at org.apache.catalina.core.ContainerBase$StartChild.call(ContainerBase.java:1193) ~[tomcat-embed-core-10.1.43.jar:10.1.43]
	at java.base/java.util.concurrent.FutureTask.run(FutureTask.java:264) ~[na:na]
	at org.apache.tomcat.util.threads.InlineExecutorService.execute(InlineExecutorService.java:75) ~[tomcat-embed-core-10.1.43.jar:10.1.43]
	at java.base/java.util.concurrent.AbstractExecutorService.submit(AbstractExecutorService.java:145) ~[na:na]
	at org.apache.catalina.core.ContainerBase.startInternal(ContainerBase.java:749) ~[tomcat-embed-core-10.1.43.jar:10.1.43]
	at org.apache.catalina.core.StandardHost.startInternal(StandardHost.java:772) ~[tomcat-embed-core-10.1.43.jar:10.1.43]
	at org.apache.catalina.util.LifecycleBase.start(LifecycleBase.java:164) ~[tomcat-embed-core-10.1.43.jar:10.1.43]
	at org.apache.catalina.core.ContainerBase$StartChild.call(ContainerBase.java:1203) ~[tomcat-embed-core-10.1.43.jar:10.1.43]
	at org.apache.catalina.core.ContainerBase$StartChild.call(ContainerBase.java:1193) ~[tomcat-embed-core-10.1.43.jar:10.1.43]
	at java.base/java.util.concurrent.FutureTask.run(FutureTask.java:264) ~[na:na]
	at org.apache.tomcat.util.threads.InlineExecutorService.execute(InlineExecutorService.java:75) ~[tomcat-embed-core-10.1.43.jar:10.1.43]
	at java.base/java.util.concurrent.AbstractExecutorService.submit(AbstractExecutorService.java:145) ~[na:na]
	at org.apache.catalina.core.ContainerBase.startInternal(ContainerBase.java:749) ~[tomcat-embed-core-10.1.43.jar:10.1.43]
	at org.apache.catalina.core.StandardEngine.startInternal(StandardEngine.java:203) ~[tomcat-embed-core-10.1.43.jar:10.1.43]
	at org.apache.catalina.util.LifecycleBase.start(LifecycleBase.java:164) ~[tomcat-embed-core-10.1.43.jar:10.1.43]
	at org.apache.catalina.core.StandardService.startInternal(StandardService.java:412) ~[tomcat-embed-core-10.1.43.jar:10.1.43]
	at org.apache.catalina.util.LifecycleBase.start(LifecycleBase.java:164) ~[tomcat-embed-core-10.1.43.jar:10.1.43]
	at org.apache.catalina.core.StandardServer.startInternal(StandardServer.java:870) ~[tomcat-embed-core-10.1.43.jar:10.1.43]
	at org.apache.catalina.util.LifecycleBase.start(LifecycleBase.java:164) ~[tomcat-embed-core-10.1.43.jar:10.1.43]
	at org.apache.catalina.startup.Tomcat.start(Tomcat.java:438) ~[tomcat-embed-core-10.1.43.jar:10.1.43]
	at org.springframework.boot.web.embedded.tomcat.TomcatWebServer.initialize(TomcatWebServer.java:128) ~[spring-boot-3.5.4.jar:3.5.4]
	at org.springframework.boot.web.embedded.tomcat.TomcatWebServer.<init>(TomcatWebServer.java:107) ~[spring-boot-3.5.4.jar:3.5.4]
	at org.springframework.boot.web.embedded.tomcat.TomcatServletWebServerFactory.getTomcatWebServer(TomcatServletWebServerFactory.java:517) ~[spring-boot-3.5.4.jar:3.5.4]
	at org.springframework.boot.web.embedded.tomcat.TomcatServletWebServerFactory.getWebServer(TomcatServletWebServerFactory.java:219) ~[spring-boot-3.5.4.jar:3.5.4]
	at org.springframework.boot.web.servlet.context.ServletWebServerApplicationContext.createWebServer(ServletWebServerApplicationContext.java:193) ~[spring-boot-3.5.4.jar:3.5.4]
	at org.springframework.boot.web.servlet.context.ServletWebServerApplicationContext.onRefresh(ServletWebServerApplicationContext.java:167) ~[spring-boot-3.5.4.jar:3.5.4]
	at org.springframework.context.support.AbstractApplicationContext.refresh(AbstractApplicationContext.java:621) ~[spring-context-6.2.9.jar:6.2.9]
	at org.springframework.boot.web.servlet.context.ServletWebServerApplicationContext.refresh(ServletWebServerApplicationContext.java:146) ~[spring-boot-3.5.4.jar:3.5.4]
	at org.springframework.boot.SpringApplication.refresh(SpringApplication.java:752) ~[spring-boot-3.5.4.jar:3.5.4]
	at org.springframework.boot.SpringApplication.refreshContext(SpringApplication.java:439) ~[spring-boot-3.5.4.jar:3.5.4]
	at org.springframework.boot.SpringApplication.run(SpringApplication.java:318) ~[spring-boot-3.5.4.jar:3.5.4]
	at org.springframework.boot.SpringApplication.run(SpringApplication.java:1361) ~[spring-boot-3.5.4.jar:3.5.4]
	at org.springframework.boot.SpringApplication.run(SpringApplication.java:1350) ~[spring-boot-3.5.4.jar:3.5.4]
	at com.example.hotel_inventory.HotelInventoryApplication.main(HotelInventoryApplication.java:10) ~[classes/:na]
Caused by: java.sql.SQLSyntaxErrorException: Table 'hotel_inventory.stock_transactions' doesn't exist
	at com.mysql.cj.jdbc.exceptions.SQLError.createSQLException(SQLError.java:112) ~[mysql-connector-j-9.3.0.jar:9.3.0]
	at com.mysql.cj.jdbc.exceptions.SQLExceptionsMapping.translateException(SQLExceptionsMapping.java:114) ~[mysql-connector-j-9.3.0.jar:9.3.0]
	at com.mysql.cj.jdbc.StatementImpl.executeInternal(StatementImpl.java:837) ~[mysql-connector-j-9.3.0.jar:9.3.0]
	at com.mysql.cj.jdbc.StatementImpl.execute(StatementImpl.java:685) ~[mysql-connector-j-9.3.0.jar:9.3.0]
	at com.zaxxer.hikari.pool.ProxyStatement.execute(ProxyStatement.java:95) ~[HikariCP-6.3.1.jar:na]
	at com.zaxxer.hikari.pool.HikariProxyStatement.execute(HikariProxyStatement.java) ~[HikariCP-6.3.1.jar:na]
	at org.hibernate.tool.schema.internal.exec.GenerationTargetToDatabase.accept(GenerationTargetToDatabase.java:80) ~[hibernate-core-6.6.22.Final.jar:6.6.22.Final]
	... 110 common frames omitted

2025-08-26T12:53:11.684+05:30 DEBUG 9676 --- [hotel-inventory] [           main] org.hibernate.SQL                        : 
    drop table if exists categories
Hibernate: 
    drop table if exists categories
2025-08-26T12:53:11.688+05:30 DEBUG 9676 --- [hotel-inventory] [           main] org.hibernate.SQL                        : 
    drop table if exists frontdesk
Hibernate: 
    drop table if exists frontdesk
2025-08-26T12:53:11.694+05:30 DEBUG 9676 --- [hotel-inventory] [           main] org.hibernate.SQL                        : 
    drop table if exists inspection_items
Hibernate: 
    drop table if exists inspection_items
2025-08-26T12:53:11.696+05:30 DEBUG 9676 --- [hotel-inventory] [           main] org.hibernate.SQL                        : 
    drop table if exists inspections
Hibernate: 
    drop table if exists inspections
2025-08-26T12:53:11.697+05:30 DEBUG 9676 --- [hotel-inventory] [           main] org.hibernate.SQL                        : 
    drop table if exists inventory_items
Hibernate: 
    drop table if exists inventory_items
2025-08-26T12:53:11.697+05:30 DEBUG 9676 --- [hotel-inventory] [           main] org.hibernate.SQL                        : 
    drop table if exists item_requests
Hibernate: 
    drop table if exists item_requests
2025-08-26T12:53:11.699+05:30 DEBUG 9676 --- [hotel-inventory] [           main] org.hibernate.SQL                        : 
    drop table if exists refresh_tokens
Hibernate: 
    drop table if exists refresh_tokens
2025-08-26T12:53:11.700+05:30 DEBUG 9676 --- [hotel-inventory] [           main] org.hibernate.SQL                        : 
    drop table if exists stock_transactions
Hibernate: 
    drop table if exists stock_transactions
2025-08-26T12:53:11.700+05:30 DEBUG 9676 --- [hotel-inventory] [           main] org.hibernate.SQL                        : 
    drop table if exists suppliers
Hibernate: 
    drop table if exists suppliers
2025-08-26T12:53:11.701+05:30 DEBUG 9676 --- [hotel-inventory] [           main] org.hibernate.SQL                        : 
    drop table if exists users
Hibernate: 
    drop table if exists users
2025-08-26T12:53:11.705+05:30 DEBUG 9676 --- [hotel-inventory] [           main] org.hibernate.SQL                        : 
    create table categories (
        is_active bit,
        created_at datetime(6),
        id bigint not null auto_increment,
        updated_at datetime(6),
        description varchar(500),
        name varchar(255) not null,
        supply_item varchar(255),
        primary key (id)
    ) engine=InnoDB
Hibernate: 
    create table categories (
        is_active bit,
        created_at datetime(6),
        id bigint not null auto_increment,
        updated_at datetime(6),
        description varchar(500),
        name varchar(255) not null,
        supply_item varchar(255),
        primary key (id)
    ) engine=InnoDB
2025-08-26T12:53:11.716+05:30 DEBUG 9676 --- [hotel-inventory] [           main] org.hibernate.SQL                        : 
    create table frontdesk (
        number_of_guests integer,
        total_amount float(53),
        check_in_date datetime(6),
        check_out_date datetime(6),
        created_at datetime(6),
        expected_check_in datetime(6),
        expected_check_out datetime(6),
        id bigint not null auto_increment,
        updated_at datetime(6),
        created_by varchar(255),
        guest_email varchar(255),
        guest_name varchar(255) not null,
        guest_phone varchar(255),
        room_number varchar(255) not null,
        room_type varchar(255),
        special_requests TEXT,
        payment_status enum ('PAID','PARTIAL','PENDING','REFUNDED'),
        status enum ('CANCELLED','CHECKED_IN','CHECKED_OUT','NO_SHOW','RESERVED') not null,
        primary key (id)
    ) engine=InnoDB
Hibernate: 
    create table frontdesk (
        number_of_guests integer,
        total_amount float(53),
        check_in_date datetime(6),
        check_out_date datetime(6),
        created_at datetime(6),
        expected_check_in datetime(6),
        expected_check_out datetime(6),
        id bigint not null auto_increment,
        updated_at datetime(6),
        created_by varchar(255),
        guest_email varchar(255),
        guest_name varchar(255) not null,
        guest_phone varchar(255),
        room_number varchar(255) not null,
        room_type varchar(255),
        special_requests TEXT,
        payment_status enum ('PAID','PARTIAL','PENDING','REFUNDED'),
        status enum ('CANCELLED','CHECKED_IN','CHECKED_OUT','NO_SHOW','RESERVED') not null,
        primary key (id)
    ) engine=InnoDB
2025-08-26T12:53:11.727+05:30 DEBUG 9676 --- [hotel-inventory] [           main] org.hibernate.SQL                        : 
    create table inspection_items (
        actual_quantity integer,
        expected_quantity integer,
        created_at datetime(6),
        id bigint not null auto_increment,
        inspection_id bigint not null,
        inventory_item_id bigint not null,
        updated_at datetime(6),
        condition_status varchar(255),
        notes varchar(255),
        primary key (id)
    ) engine=InnoDB
Hibernate: 
    create table inspection_items (
        actual_quantity integer,
        expected_quantity integer,
        created_at datetime(6),
        id bigint not null auto_increment,
        inspection_id bigint not null,
        inventory_item_id bigint not null,
        updated_at datetime(6),
        condition_status varchar(255),
        notes varchar(255),
        primary key (id)
    ) engine=InnoDB
2025-08-26T12:53:11.737+05:30 DEBUG 9676 --- [hotel-inventory] [           main] org.hibernate.SQL                        : 
    create table inspections (
        completed_at datetime(6),
        created_at datetime(6),
        id bigint not null auto_increment,
        inspector_id bigint not null,
        started_at datetime(6),
        updated_at datetime(6),
        notes varchar(1000),
        location_identifier varchar(255) not null,
        location_type varchar(255) not null,
        status enum ('CANCELLED','COMPLETED','IN_PROGRESS') not null,
        primary key (id)
    ) engine=InnoDB
Hibernate: 
    create table inspections (
        completed_at datetime(6),
        created_at datetime(6),
        id bigint not null auto_increment,
        inspector_id bigint not null,
        started_at datetime(6),
        updated_at datetime(6),
        notes varchar(1000),
        location_identifier varchar(255) not null,
        location_type varchar(255) not null,
        status enum ('CANCELLED','COMPLETED','IN_PROGRESS') not null,
        primary key (id)
    ) engine=InnoDB
2025-08-26T12:53:11.747+05:30 DEBUG 9676 --- [hotel-inventory] [           main] org.hibernate.SQL                        : 
    create table inventory_items (
        max_quantity integer,
        min_quantity integer,
        price decimal(10,2) not null,
        quantity integer not null,
        category_id bigint,
        created_at datetime(6),
        created_by bigint,
        expiry_date datetime(6),
        id bigint not null auto_increment,
        supplier_id bigint,
        updated_at datetime(6),
        updated_by bigint,
        warranty_expiry datetime(6),
        description varchar(1000),
        condition_status varchar(255),
        name varchar(255) not null,
        unit_of_measurement varchar(255),
        status enum ('DISCONTINUED','IN_STOCK','LOW_STOCK','OUT_OF_STOCK') not null,
        primary key (id)
    ) engine=InnoDB
Hibernate: 
    create table inventory_items (
        max_quantity integer,
        min_quantity integer,
        price decimal(10,2) not null,
        quantity integer not null,
        category_id bigint,
        created_at datetime(6),
        created_by bigint,
        expiry_date datetime(6),
        id bigint not null auto_increment,
        supplier_id bigint,
        updated_at datetime(6),
        updated_by bigint,
        warranty_expiry datetime(6),
        description varchar(1000),
        condition_status varchar(255),
        name varchar(255) not null,
        unit_of_measurement varchar(255),
        status enum ('DISCONTINUED','IN_STOCK','LOW_STOCK','OUT_OF_STOCK') not null,
        primary key (id)
    ) engine=InnoDB
2025-08-26T12:53:11.758+05:30 DEBUG 9676 --- [hotel-inventory] [           main] org.hibernate.SQL                        : 
    create table item_requests (
        requested_quantity integer not null,
        approved_by bigint,
        created_at datetime(6),
        id bigint not null auto_increment,
        inspector_id bigint not null,
        inventory_item_id bigint not null,
        updated_at datetime(6),
        reason varchar(500),
        approval_notes varchar(255),
        location_identifier varchar(255),
        location_type varchar(255) not null,
        status enum ('APPROVED','PENDING','REJECTED') not null,
        primary key (id)
    ) engine=InnoDB
Hibernate: 
    create table item_requests (
        requested_quantity integer not null,
        approved_by bigint,
        created_at datetime(6),
        id bigint not null auto_increment,
        inspector_id bigint not null,
        inventory_item_id bigint not null,
        updated_at datetime(6),
        reason varchar(500),
        approval_notes varchar(255),
        location_identifier varchar(255),
        location_type varchar(255) not null,
        status enum ('APPROVED','PENDING','REJECTED') not null,
        primary key (id)
    ) engine=InnoDB
2025-08-26T12:53:11.769+05:30 DEBUG 9676 --- [hotel-inventory] [           main] org.hibernate.SQL                        : 
    create table refresh_tokens (
        revoked bit,
        created_at datetime(6),
        expires_at datetime(6) not null,
        id bigint not null auto_increment,
        user_id bigint not null,
        token varchar(255) not null,
        primary key (id)
    ) engine=InnoDB
Hibernate: 
    create table refresh_tokens (
        revoked bit,
        created_at datetime(6),
        expires_at datetime(6) not null,
        id bigint not null auto_increment,
        user_id bigint not null,
        token varchar(255) not null,
        primary key (id)
    ) engine=InnoDB
2025-08-26T12:53:11.780+05:30 DEBUG 9676 --- [hotel-inventory] [           main] org.hibernate.SQL                        : 
    create table stock_transactions (
        new_quantity integer,
        previous_quantity integer,
        quantity integer not null,
        created_at datetime(6),
        id bigint not null auto_increment,
        item_id bigint not null,
        performed_by bigint,
        transaction_date datetime(6),
        reason varchar(500),
        type enum ('ADD','ADJUSTMENT','REMOVE','TRANSFER') not null,
        primary key (id)
    ) engine=InnoDB
Hibernate: 
    create table stock_transactions (
        new_quantity integer,
        previous_quantity integer,
        quantity integer not null,
        created_at datetime(6),
        id bigint not null auto_increment,
        item_id bigint not null,
        performed_by bigint,
        transaction_date datetime(6),
        reason varchar(500),
        type enum ('ADD','ADJUSTMENT','REMOVE','TRANSFER') not null,
        primary key (id)
    ) engine=InnoDB
2025-08-26T12:53:11.791+05:30 DEBUG 9676 --- [hotel-inventory] [           main] org.hibernate.SQL                        : 
    create table suppliers (
        is_active bit,
        created_at datetime(6),
        id bigint not null auto_increment,
        updated_at datetime(6),
        description varchar(500),
        address varchar(255),
        contact_person varchar(255),
        email varchar(255) not null,
        name varchar(255) not null,
        phone_number varchar(255),
        supply_item varchar(255),
        primary key (id)
    ) engine=InnoDB
Hibernate: 
    create table suppliers (
        is_active bit,
        created_at datetime(6),
        id bigint not null auto_increment,
        updated_at datetime(6),
        description varchar(500),
        address varchar(255),
        contact_person varchar(255),
        email varchar(255) not null,
        name varchar(255) not null,
        phone_number varchar(255),
        supply_item varchar(255),
        primary key (id)
    ) engine=InnoDB
2025-08-26T12:53:11.801+05:30 DEBUG 9676 --- [hotel-inventory] [           main] org.hibernate.SQL                        : 
    create table users (
        is_active bit,
        created_at datetime(6),
        id bigint not null auto_increment,
        updated_at datetime(6),
        email varchar(255) not null,
        first_name varchar(255),
        last_name varchar(255),
        password varchar(255) not null,
        username varchar(255),
        role enum ('ADMIN','FRONT_DESK','INSPECTOR','STOCK_MANAGER') not null,
        primary key (id)
    ) engine=InnoDB
Hibernate: 
    create table users (
        is_active bit,
        created_at datetime(6),
        id bigint not null auto_increment,
        updated_at datetime(6),
        email varchar(255) not null,
        first_name varchar(255),
        last_name varchar(255),
        password varchar(255) not null,
        username varchar(255),
        role enum ('ADMIN','FRONT_DESK','INSPECTOR','STOCK_MANAGER') not null,
        primary key (id)
    ) engine=InnoDB
2025-08-26T12:53:11.811+05:30 DEBUG 9676 --- [hotel-inventory] [           main] org.hibernate.SQL                        : 
    alter table categories 
       add constraint UKt8o6pivur7nn124jehx7cygw5 unique (name)
Hibernate: 
    alter table categories 
       add constraint UKt8o6pivur7nn124jehx7cygw5 unique (name)
2025-08-26T12:53:11.822+05:30 DEBUG 9676 --- [hotel-inventory] [           main] org.hibernate.SQL                        : 
    alter table refresh_tokens 
       add constraint UKghpmfn23vmxfu3spu3lfg4r2d unique (token)
Hibernate: 
    alter table refresh_tokens 
       add constraint UKghpmfn23vmxfu3spu3lfg4r2d unique (token)
2025-08-26T12:53:11.833+05:30 DEBUG 9676 --- [hotel-inventory] [           main] org.hibernate.SQL                        : 
    alter table users 
       add constraint UK6dotkott2kjsp8vw4d0m25fb7 unique (email)
Hibernate: 
    alter table users 
       add constraint UK6dotkott2kjsp8vw4d0m25fb7 unique (email)
2025-08-26T12:53:11.844+05:30 DEBUG 9676 --- [hotel-inventory] [           main] org.hibernate.SQL                        : 
    alter table users 
       add constraint UKr43af9ap4edm43mmtq01oddj6 unique (username)
Hibernate: 
    alter table users 
       add constraint UKr43af9ap4edm43mmtq01oddj6 unique (username)
2025-08-26T12:53:11.854+05:30 DEBUG 9676 --- [hotel-inventory] [           main] org.hibernate.SQL                        : 
    alter table inspection_items 
       add constraint FKbiylq4jesyn83m2tjjbu9ggmw 
       foreign key (inspection_id) 
       references inspections (id)
Hibernate: 
    alter table inspection_items 
       add constraint FKbiylq4jesyn83m2tjjbu9ggmw 
       foreign key (inspection_id) 
       references inspections (id)
2025-08-26T12:53:11.925+05:30 DEBUG 9676 --- [hotel-inventory] [           main] org.hibernate.SQL                        : 
    alter table inspection_items 
       add constraint FKpkrkco70dhuvwjdc0mm1dt9v6 
       foreign key (inventory_item_id) 
       references inventory_items (id)
Hibernate: 
    alter table inspection_items 
       add constraint FKpkrkco70dhuvwjdc0mm1dt9v6 
       foreign key (inventory_item_id) 
       references inventory_items (id)
2025-08-26T12:53:11.974+05:30 DEBUG 9676 --- [hotel-inventory] [           main] org.hibernate.SQL                        : 
    alter table inspections 
       add constraint FKqkqo95y0pminpdauc8c5h0qmf 
       foreign key (inspector_id) 
       references users (id)
Hibernate: 
    alter table inspections 
       add constraint FKqkqo95y0pminpdauc8c5h0qmf 
       foreign key (inspector_id) 
       references users (id)
2025-08-26T12:53:12.020+05:30 DEBUG 9676 --- [hotel-inventory] [           main] org.hibernate.SQL                        : 
    alter table inventory_items 
       add constraint FKc027vgjxs99hcmjnl8y5me7nm 
       foreign key (category_id) 
       references categories (id)
Hibernate: 
    alter table inventory_items 
       add constraint FKc027vgjxs99hcmjnl8y5me7nm 
       foreign key (category_id) 
       references categories (id)
2025-08-26T12:53:12.062+05:30 DEBUG 9676 --- [hotel-inventory] [           main] org.hibernate.SQL                        : 
    alter table inventory_items 
       add constraint FKr32yqtqigsrw84cbfk2aebrvo 
       foreign key (created_by) 
       references users (id)
Hibernate: 
    alter table inventory_items 
       add constraint FKr32yqtqigsrw84cbfk2aebrvo 
       foreign key (created_by) 
       references users (id)
2025-08-26T12:53:12.113+05:30 DEBUG 9676 --- [hotel-inventory] [           main] org.hibernate.SQL                        : 
    alter table inventory_items 
       add constraint FKhc7q0chmfralakw27k36ds0c1 
       foreign key (supplier_id) 
       references suppliers (id)
Hibernate: 
    alter table inventory_items 
       add constraint FKhc7q0chmfralakw27k36ds0c1 
       foreign key (supplier_id) 
       references suppliers (id)
2025-08-26T12:53:12.177+05:30 DEBUG 9676 --- [hotel-inventory] [           main] org.hibernate.SQL                        : 
    alter table inventory_items 
       add constraint FKemobv715cd6hrjkbalef7vvuf 
       foreign key (updated_by) 
       references users (id)
Hibernate: 
    alter table inventory_items 
       add constraint FKemobv715cd6hrjkbalef7vvuf 
       foreign key (updated_by) 
       references users (id)
2025-08-26T12:53:12.223+05:30 DEBUG 9676 --- [hotel-inventory] [           main] org.hibernate.SQL                        : 
    alter table item_requests 
       add constraint FKc4lk47schye4mldbfrqn1wd2p 
       foreign key (approved_by) 
       references users (id)
Hibernate: 
    alter table item_requests 
       add constraint FKc4lk47schye4mldbfrqn1wd2p 
       foreign key (approved_by) 
       references users (id)
2025-08-26T12:53:12.272+05:30 DEBUG 9676 --- [hotel-inventory] [           main] org.hibernate.SQL                        : 
    alter table item_requests 
       add constraint FKrr4fwxdx6tnvnn4g4hgdyql5w 
       foreign key (inspector_id) 
       references users (id)
Hibernate: 
    alter table item_requests 
       add constraint FKrr4fwxdx6tnvnn4g4hgdyql5w 
       foreign key (inspector_id) 
       references users (id)
2025-08-26T12:53:12.315+05:30 DEBUG 9676 --- [hotel-inventory] [           main] org.hibernate.SQL                        : 
    alter table item_requests 
       add constraint FK2wvr1mkbowj9xrbs9xuqqoxsk 
       foreign key (inventory_item_id) 
       references inventory_items (id)
Hibernate: 
    alter table item_requests 
       add constraint FK2wvr1mkbowj9xrbs9xuqqoxsk 
       foreign key (inventory_item_id) 
       references inventory_items (id)
2025-08-26T12:53:12.361+05:30 DEBUG 9676 --- [hotel-inventory] [           main] org.hibernate.SQL                        : 
    alter table refresh_tokens 
       add constraint FK1lih5y2npsf8u5o3vhdb9y0os 
       foreign key (user_id) 
       references users (id)
Hibernate: 
    alter table refresh_tokens 
       add constraint FK1lih5y2npsf8u5o3vhdb9y0os 
       foreign key (user_id) 
       references users (id)
2025-08-26T12:53:12.409+05:30 DEBUG 9676 --- [hotel-inventory] [           main] org.hibernate.SQL                        : 
    alter table stock_transactions 
       add constraint FKbu0o4vmyocuoka0c99p4xp8dy 
       foreign key (item_id) 
       references inventory_items (id)
Hibernate: 
    alter table stock_transactions 
       add constraint FKbu0o4vmyocuoka0c99p4xp8dy 
       foreign key (item_id) 
       references inventory_items (id)
2025-08-26T12:53:12.460+05:30 DEBUG 9676 --- [hotel-inventory] [           main] org.hibernate.SQL                        : 
    alter table stock_transactions 
       add constraint FKfo0gahx989s3a0x5tq2rwn4iq 
       foreign key (performed_by) 
       references users (id)
Hibernate: 
    alter table stock_transactions 
       add constraint FKfo0gahx989s3a0x5tq2rwn4iq 
       foreign key (performed_by) 
       references users (id)
2025-08-26T12:53:12.511+05:30  INFO 9676 --- [hotel-inventory] [           main] j.LocalContainerEntityManagerFactoryBean : Initialized JPA EntityManagerFactory for persistence unit 'default'
2025-08-26T12:53:12.798+05:30 DEBUG 9676 --- [hotel-inventory] [           main] c.e.h.security.JwtAuthenticationFilter   : Filter 'jwtAuthenticationFilter' configured for use
2025-08-26T12:53:12.799+05:30 DEBUG 9676 --- [hotel-inventory] [           main] o.springframework.web.filter.CorsFilter  : Filter 'fallbackCorsFilter' configured for use
2025-08-26T12:53:12.901+05:30  INFO 9676 --- [hotel-inventory] [           main] o.s.d.j.r.query.QueryEnhancerFactory     : Hibernate is in classpath; If applicable, HQL parser will be used.
2025-08-26T12:53:13.820+05:30  WARN 9676 --- [hotel-inventory] [           main] JpaBaseConfiguration$JpaWebConfiguration : spring.jpa.open-in-view is enabled by default. Therefore, database queries may be performed during view rendering. Explicitly configure spring.jpa.open-in-view to disable this warning
2025-08-26T12:53:13.960+05:30 DEBUG 9676 --- [hotel-inventory] [           main] s.w.s.m.m.a.RequestMappingHandlerMapping : 73 mappings in 'requestMappingHandlerMapping'
2025-08-26T12:53:14.091+05:30 DEBUG 9676 --- [hotel-inventory] [           main] o.s.w.s.handler.SimpleUrlHandlerMapping  : Patterns [/webjars/**, /**, /swagger-ui*/*swagger-initializer.js, /swagger-ui*/**] in 'resourceHandlerMapping'
2025-08-26T12:53:14.112+05:30  WARN 9676 --- [hotel-inventory] [           main] .s.s.UserDetailsServiceAutoConfiguration : 

Using generated security password: bd32637a-b895-4e4b-b390-7985424ebeda

This generated password is for development use only. Your security configuration must be updated before running your application in production.

2025-08-26T12:53:14.118+05:30  INFO 9676 --- [hotel-inventory] [           main] r$InitializeUserDetailsManagerConfigurer : Global AuthenticationManager configured with UserDetailsService bean with name inMemoryUserDetailsManager
2025-08-26T12:53:14.403+05:30 DEBUG 9676 --- [hotel-inventory] [           main] s.w.s.m.m.a.RequestMappingHandlerAdapter : ControllerAdvice beans: 0 @ModelAttribute, 0 @InitBinder, 1 RequestBodyAdvice, 1 ResponseBodyAdvice
2025-08-26T12:53:14.481+05:30 DEBUG 9676 --- [hotel-inventory] [           main] .m.m.a.ExceptionHandlerExceptionResolver : ControllerAdvice beans: 2 @ExceptionHandler, 1 ResponseBodyAdvice
2025-08-26T12:53:14.989+05:30  INFO 9676 --- [hotel-inventory] [           main] .w.s.a.s.AnnotationActionEndpointMapping : Supporting [WS-Addressing August 2004, WS-Addressing 1.0]
2025-08-26T12:53:15.045+05:30  INFO 9676 --- [hotel-inventory] [           main] o.s.b.w.embedded.tomcat.TomcatWebServer  : Tomcat started on port 8082 (http) with context path '/'
2025-08-26T12:53:15.055+05:30  INFO 9676 --- [hotel-inventory] [           main] c.e.h.HotelInventoryApplication          : Started HotelInventoryApplication in 6.946 seconds (process running for 7.282)
2025-08-26T12:53:15.059+05:30  INFO 9676 --- [hotel-inventory] [           main] c.e.h.config.DataInitializer             : Initializing sample data...
2025-08-26T12:53:15.123+05:30 DEBUG 9676 --- [hotel-inventory] [           main] org.hibernate.SQL                        : 
    select
        count(*) 
    from
        categories c1_0
Hibernate: 
    select
        count(*) 
    from
        categories c1_0
2025-08-26T12:53:15.160+05:30  INFO 9676 --- [hotel-inventory] [           main] c.e.h.config.DataInitializer             : Sample data already exists, skipping initialization
2025-08-26T12:53:15.219+05:30  INFO 9676 --- [hotel-inventory] [nio-8082-exec-2] o.a.c.c.C.[Tomcat].[localhost].[/]       : Initializing Spring DispatcherServlet 'dispatcherServlet'
2025-08-26T12:53:15.219+05:30  INFO 9676 --- [hotel-inventory] [nio-8082-exec-2] o.s.web.servlet.DispatcherServlet        : Initializing Servlet 'dispatcherServlet'
2025-08-26T12:53:15.220+05:30 DEBUG 9676 --- [hotel-inventory] [nio-8082-exec-2] o.s.web.servlet.DispatcherServlet        : Detected StandardServletMultipartResolver
2025-08-26T12:53:15.220+05:30 DEBUG 9676 --- [hotel-inventory] [nio-8082-exec-2] o.s.web.servlet.DispatcherServlet        : Detected AcceptHeaderLocaleResolver
2025-08-26T12:53:15.220+05:30 DEBUG 9676 --- [hotel-inventory] [nio-8082-exec-2] o.s.web.servlet.DispatcherServlet        : Detected FixedThemeResolver
2025-08-26T12:53:15.221+05:30 DEBUG 9676 --- [hotel-inventory] [nio-8082-exec-2] o.s.web.servlet.DispatcherServlet        : Detected org.springframework.web.servlet.view.DefaultRequestToViewNameTranslator@7c74d262
2025-08-26T12:53:15.222+05:30 DEBUG 9676 --- [hotel-inventory] [nio-8082-exec-2] o.s.web.servlet.DispatcherServlet        : Detected org.springframework.web.servlet.support.SessionFlashMapManager@6eb1a122
2025-08-26T12:53:15.222+05:30 DEBUG 9676 --- [hotel-inventory] [nio-8082-exec-2] o.s.web.servlet.DispatcherServlet        : enableLoggingRequestDetails='false': request parameters and headers will be masked to prevent unsafe logging of potentially sensitive data
2025-08-26T12:53:15.222+05:30  INFO 9676 --- [hotel-inventory] [nio-8082-exec-2] o.s.web.servlet.DispatcherServlet        : Completed initialization in 3 ms
2025-08-26T12:53:15.223+05:30 DEBUG 9676 --- [hotel-inventory] [           main] org.hibernate.SQL                        : 
    select
        u1_0.id,
        u1_0.created_at,
        u1_0.email,
        u1_0.first_name,
        u1_0.is_active,
        u1_0.last_name,
        u1_0.password,
        u1_0.role,
        u1_0.updated_at,
        u1_0.username 
    from
        users u1_0 
    where
        u1_0.email=?
Hibernate: 
    select
        u1_0.id,
        u1_0.created_at,
        u1_0.email,
        u1_0.first_name,
        u1_0.is_active,
        u1_0.last_name,
        u1_0.password,
        u1_0.role,
        u1_0.updated_at,
        u1_0.username 
    from
        users u1_0 
    where
        u1_0.email=?
2025-08-26T12:53:15.256+05:30 DEBUG 9676 --- [hotel-inventory] [nio-8082-exec-2] o.s.web.servlet.DispatcherServlet        : POST "/api/auth/login", parameters={}
2025-08-26T12:53:15.258+05:30 DEBUG 9676 --- [hotel-inventory] [nio-8082-exec-2] s.w.s.m.m.a.RequestMappingHandlerMapping : Mapped to com.example.hotel_inventory.controller.AuthController#login(LoginRequest, HttpServletResponse)
2025-08-26T12:53:15.338+05:30 DEBUG 9676 --- [hotel-inventory] [nio-8082-exec-2] o.s.web.method.HandlerMethod             : Could not resolve parameter [0] in public org.springframework.http.ResponseEntity<com.example.hotel_inventory.dto.response.LoginResponse> com.example.hotel_inventory.controller.AuthController.login(com.example.hotel_inventory.dto.request.LoginRequest,jakarta.servlet.http.HttpServletResponse): JSON parse error: Unexpected character ('\' (code 92)): was expecting double-quote to start field name
2025-08-26T12:53:15.340+05:30 DEBUG 9676 --- [hotel-inventory] [nio-8082-exec-2] .m.m.a.ExceptionHandlerExceptionResolver : Using @ExceptionHandler com.example.hotel_inventory.exception.GlobalExceptionHandler#handleRuntimeException(RuntimeException)
2025-08-26T12:53:15.357+05:30 DEBUG 9676 --- [hotel-inventory] [           main] org.hibernate.SQL                        : 
    insert 
    into
        users
        (created_at, email, first_name, is_active, last_name, password, role, updated_at, username) 
    values
        (?, ?, ?, ?, ?, ?, ?, ?, ?)
Hibernate: 
    insert 
    into
        users
        (created_at, email, first_name, is_active, last_name, password, role, updated_at, username) 
    values
        (?, ?, ?, ?, ?, ?, ?, ?, ?)
2025-08-26T12:53:15.368+05:30 DEBUG 9676 --- [hotel-inventory] [nio-8082-exec-2] o.s.w.s.m.m.a.HttpEntityMethodProcessor  : Using 'application/json', given [*/*] and supported [application/json, application/*+json, application/yaml]
2025-08-26T12:53:15.371+05:30 DEBUG 9676 --- [hotel-inventory] [nio-8082-exec-2] o.s.w.s.m.m.a.HttpEntityMethodProcessor  : Writing [GlobalExceptionHandler.ErrorResponse(timestamp=2025-08-26T12:53:15.342125900, status=400, error=Bad  (truncated)...]
2025-08-26T12:53:15.387+05:30 DEBUG 9676 --- [hotel-inventory] [nio-8082-exec-2] .m.m.a.ExceptionHandlerExceptionResolver : Resolved [org.springframework.http.converter.HttpMessageNotReadableException: JSON parse error: Unexpected character ('\' (code 92)): was expecting double-quote to start field name]
2025-08-26T12:53:15.389+05:30 DEBUG 9676 --- [hotel-inventory] [nio-8082-exec-2] o.s.web.servlet.DispatcherServlet        : Completed 400 BAD_REQUEST
2025-08-26T12:53:15.391+05:30 DEBUG 9676 --- [hotel-inventory] [           main] org.hibernate.SQL                        : 
    select
        u1_0.id,
        u1_0.created_at,
        u1_0.email,
        u1_0.first_name,
        u1_0.is_active,
        u1_0.last_name,
        u1_0.password,
        u1_0.role,
        u1_0.updated_at,
        u1_0.username 
    from
        users u1_0 
    where
        u1_0.email=?
Hibernate: 
    select
        u1_0.id,
        u1_0.created_at,
        u1_0.email,
        u1_0.first_name,
        u1_0.is_active,
        u1_0.last_name,
        u1_0.password,
        u1_0.role,
        u1_0.updated_at,
        u1_0.username 
    from
        users u1_0 
    where
        u1_0.email=?
2025-08-26T12:53:15.477+05:30 DEBUG 9676 --- [hotel-inventory] [           main] org.hibernate.SQL                        : 
    insert 
    into
        users
        (created_at, email, first_name, is_active, last_name, password, role, updated_at, username) 
    values
        (?, ?, ?, ?, ?, ?, ?, ?, ?)
Hibernate: 
    insert 
    into
        users
        (created_at, email, first_name, is_active, last_name, password, role, updated_at, username) 
    values
        (?, ?, ?, ?, ?, ?, ?, ?, ?)
2025-08-26T12:53:15.486+05:30 DEBUG 9676 --- [hotel-inventory] [           main] org.hibernate.SQL                        : 
    select
        u1_0.id,
        u1_0.created_at,
        u1_0.email,
        u1_0.first_name,
        u1_0.is_active,
        u1_0.last_name,
        u1_0.password,
        u1_0.role,
        u1_0.updated_at,
        u1_0.username 
    from
        users u1_0 
    where
        u1_0.email=?
Hibernate: 
    select
        u1_0.id,
        u1_0.created_at,
        u1_0.email,
        u1_0.first_name,
        u1_0.is_active,
        u1_0.last_name,
        u1_0.password,
        u1_0.role,
        u1_0.updated_at,
        u1_0.username 
    from
        users u1_0 
    where
        u1_0.email=?
2025-08-26T12:53:15.573+05:30 DEBUG 9676 --- [hotel-inventory] [           main] org.hibernate.SQL                        : 
    insert 
    into
        users
        (created_at, email, first_name, is_active, last_name, password, role, updated_at, username) 
    values
        (?, ?, ?, ?, ?, ?, ?, ?, ?)
Hibernate: 
    insert 
    into
        users
        (created_at, email, first_name, is_active, last_name, password, role, updated_at, username) 
    values
        (?, ?, ?, ?, ?, ?, ?, ?, ?)
2025-08-26T12:53:15.583+05:30 DEBUG 9676 --- [hotel-inventory] [           main] org.hibernate.SQL                        : 
    select
        u1_0.id,
        u1_0.created_at,
        u1_0.email,
        u1_0.first_name,
        u1_0.is_active,
        u1_0.last_name,
        u1_0.password,
        u1_0.role,
        u1_0.updated_at,
        u1_0.username 
    from
        users u1_0 
    where
        u1_0.email=?
Hibernate: 
    select
        u1_0.id,
        u1_0.created_at,
        u1_0.email,
        u1_0.first_name,
        u1_0.is_active,
        u1_0.last_name,
        u1_0.password,
        u1_0.role,
        u1_0.updated_at,
        u1_0.username 
    from
        users u1_0 
    where
        u1_0.email=?
2025-08-26T12:53:15.669+05:30 DEBUG 9676 --- [hotel-inventory] [           main] org.hibernate.SQL                        : 
    insert 
    into
        users
        (created_at, email, first_name, is_active, last_name, password, role, updated_at, username) 
    values
        (?, ?, ?, ?, ?, ?, ?, ?, ?)
Hibernate: 
    insert 
    into
        users
        (created_at, email, first_name, is_active, last_name, password, role, updated_at, username) 
    values
        (?, ?, ?, ?, ?, ?, ?, ?, ?)
2025-08-26T12:53:21.855+05:30 DEBUG 9676 --- [hotel-inventory] [nio-8082-exec-1] o.s.web.servlet.DispatcherServlet        : POST "/api/auth/login", parameters={}
2025-08-26T12:53:21.855+05:30 DEBUG 9676 --- [hotel-inventory] [nio-8082-exec-1] s.w.s.m.m.a.RequestMappingHandlerMapping : Mapped to com.example.hotel_inventory.controller.AuthController#login(LoginRequest, HttpServletResponse)
2025-08-26T12:53:21.856+05:30 DEBUG 9676 --- [hotel-inventory] [nio-8082-exec-1] o.s.web.method.HandlerMethod             : Could not resolve parameter [0] in public org.springframework.http.ResponseEntity<com.example.hotel_inventory.dto.response.LoginResponse> com.example.hotel_inventory.controller.AuthController.login(com.example.hotel_inventory.dto.request.LoginRequest,jakarta.servlet.http.HttpServletResponse): JSON parse error: Unexpected character ('\' (code 92)): was expecting double-quote to start field name
2025-08-26T12:53:21.856+05:30 DEBUG 9676 --- [hotel-inventory] [nio-8082-exec-1] .m.m.a.ExceptionHandlerExceptionResolver : Using @ExceptionHandler com.example.hotel_inventory.exception.GlobalExceptionHandler#handleRuntimeException(RuntimeException)
2025-08-26T12:53:21.856+05:30 DEBUG 9676 --- [hotel-inventory] [nio-8082-exec-1] o.s.w.s.m.m.a.HttpEntityMethodProcessor  : Using 'application/json', given [*/*] and supported [application/json, application/*+json, application/yaml]
2025-08-26T12:53:21.858+05:30 DEBUG 9676 --- [hotel-inventory] [nio-8082-exec-1] o.s.w.s.m.m.a.HttpEntityMethodProcessor  : Writing [GlobalExceptionHandler.ErrorResponse(timestamp=2025-08-26T12:53:21.856720800, status=400, error=Bad  (truncated)...]
2025-08-26T12:53:21.858+05:30 DEBUG 9676 --- [hotel-inventory] [nio-8082-exec-1] .m.m.a.ExceptionHandlerExceptionResolver : Resolved [org.springframework.http.converter.HttpMessageNotReadableException: JSON parse error: Unexpected character ('\' (code 92)): was expecting double-quote to start field name]
2025-08-26T12:53:21.858+05:30 DEBUG 9676 --- [hotel-inventory] [nio-8082-exec-1] o.s.web.servlet.DispatcherServlet        : Completed 400 BAD_REQUEST
2025-08-26T12:53:29.583+05:30 DEBUG 9676 --- [hotel-inventory] [nio-8082-exec-3] o.s.web.servlet.DispatcherServlet        : POST "/api/auth/login", parameters={}
2025-08-26T12:53:29.583+05:30 DEBUG 9676 --- [hotel-inventory] [nio-8082-exec-3] s.w.s.m.m.a.RequestMappingHandlerMapping : Mapped to com.example.hotel_inventory.controller.AuthController#login(LoginRequest, HttpServletResponse)
2025-08-26T12:53:29.584+05:30 DEBUG 9676 --- [hotel-inventory] [nio-8082-exec-3] m.m.a.RequestResponseBodyMethodProcessor : Read "application/json;charset=UTF-8" to [LoginRequest(email=sampleadmin@hotel.com, password=sampleadmin123)]
2025-08-26T12:53:29.688+05:30  INFO 9676 --- [hotel-inventory] [nio-8082-exec-3] c.e.h.controller.AuthController          : Login attempt for email: sampleadmin@hotel.com
2025-08-26T12:53:29.690+05:30 DEBUG 9676 --- [hotel-inventory] [nio-8082-exec-3] org.hibernate.SQL                        : 
    select
        u1_0.id,
        u1_0.created_at,
        u1_0.email,
        u1_0.first_name,
        u1_0.is_active,
        u1_0.last_name,
        u1_0.password,
        u1_0.role,
        u1_0.updated_at,
        u1_0.username 
    from
        users u1_0 
    where
        u1_0.email=?
Hibernate: 
    select
        u1_0.id,
        u1_0.created_at,
        u1_0.email,
        u1_0.first_name,
        u1_0.is_active,
        u1_0.last_name,
        u1_0.password,
        u1_0.role,
        u1_0.updated_at,
        u1_0.username 
    from
        users u1_0 
    where
        u1_0.email=?
2025-08-26T12:53:29.880+05:30  INFO 9676 --- [hotel-inventory] [nio-8082-exec-3] c.e.h.s.impl.RefreshTokenServiceImpl     : Revoking all refresh tokens for user: sampleadmin@hotel.com
2025-08-26T12:53:29.896+05:30 DEBUG 9676 --- [hotel-inventory] [nio-8082-exec-3] org.hibernate.SQL                        : 
    update
        refresh_tokens rt1_0 
    set
        revoked=1 
    where
        rt1_0.user_id=?
Hibernate: 
    update
        refresh_tokens rt1_0 
    set
        revoked=1 
    where
        rt1_0.user_id=?
2025-08-26T12:53:29.902+05:30  INFO 9676 --- [hotel-inventory] [nio-8082-exec-3] c.e.h.s.impl.RefreshTokenServiceImpl     : Creating refresh token for user: sampleadmin@hotel.com
2025-08-26T12:53:29.904+05:30 DEBUG 9676 --- [hotel-inventory] [nio-8082-exec-3] org.hibernate.SQL                        : 
    insert 
    into
        refresh_tokens
        (created_at, expires_at, revoked, token, user_id) 
    values
        (?, ?, ?, ?, ?)
Hibernate: 
    insert 
    into
        refresh_tokens
        (created_at, expires_at, revoked, token, user_id) 
    values
        (?, ?, ?, ?, ?)
2025-08-26T12:53:29.927+05:30  INFO 9676 --- [hotel-inventory] [nio-8082-exec-3] c.e.h.service.impl.AuthServiceImpl       : User logged in successfully: sampleadmin@hotel.com
2025-08-26T12:53:29.928+05:30  INFO 9676 --- [hotel-inventory] [nio-8082-exec-3] c.e.h.controller.AuthController          : Login successful for user: sampleadmin@hotel.com
2025-08-26T12:53:29.933+05:30 DEBUG 9676 --- [hotel-inventory] [nio-8082-exec-3] o.s.w.s.m.m.a.HttpEntityMethodProcessor  : Using 'application/json', given [*/*] and supported [application/json, application/*+json, application/yaml]
2025-08-26T12:53:29.945+05:30 DEBUG 9676 --- [hotel-inventory] [nio-8082-exec-3] o.s.w.s.m.m.a.HttpEntityMethodProcessor  : Writing [LoginResponse(success=true, message=Login successful, accessToken=eyJhbGciOiJIUzUxMiJ9.eyJzdWIiOiJzY (truncated)...]
2025-08-26T12:53:29.949+05:30 DEBUG 9676 --- [hotel-inventory] [nio-8082-exec-3] o.s.web.servlet.DispatcherServlet        : Completed 200 OK
2025-08-26T12:53:41.482+05:30 DEBUG 9676 --- [hotel-inventory] [nio-8082-exec-5] org.hibernate.SQL                        : 
    select
        u1_0.id,
        u1_0.created_at,
        u1_0.email,
        u1_0.first_name,
        u1_0.is_active,
        u1_0.last_name,
        u1_0.password,
        u1_0.role,
        u1_0.updated_at,
        u1_0.username 
    from
        users u1_0 
    where
        u1_0.email=?
Hibernate: 
    select
        u1_0.id,
        u1_0.created_at,
        u1_0.email,
        u1_0.first_name,
        u1_0.is_active,
        u1_0.last_name,
        u1_0.password,
        u1_0.role,
        u1_0.updated_at,
        u1_0.username 
    from
        users u1_0 
    where
        u1_0.email=?
2025-08-26T12:53:41.488+05:30 DEBUG 9676 --- [hotel-inventory] [nio-8082-exec-5] o.s.web.servlet.DispatcherServlet        : GET "/api/inventory", parameters={}
2025-08-26T12:53:41.488+05:30 DEBUG 9676 --- [hotel-inventory] [nio-8082-exec-5] s.w.s.m.m.a.RequestMappingHandlerMapping : Mapped to com.example.hotel_inventory.controller.InventoryController#getAllItems()
2025-08-26T12:53:41.505+05:30 DEBUG 9676 --- [hotel-inventory] [nio-8082-exec-5] org.hibernate.SQL                        : 
    select
        ii1_0.id,
        ii1_0.category_id,
        ii1_0.condition_status,
        ii1_0.created_at,
        ii1_0.created_by,
        ii1_0.description,
        ii1_0.expiry_date,
        ii1_0.max_quantity,
        ii1_0.min_quantity,
        ii1_0.name,
        ii1_0.price,
        ii1_0.quantity,
        ii1_0.status,
        ii1_0.supplier_id,
        ii1_0.unit_of_measurement,
        ii1_0.updated_at,
        ii1_0.updated_by,
        ii1_0.warranty_expiry 
    from
        inventory_items ii1_0
Hibernate: 
    select
        ii1_0.id,
        ii1_0.category_id,
        ii1_0.condition_status,
        ii1_0.created_at,
        ii1_0.created_by,
        ii1_0.description,
        ii1_0.expiry_date,
        ii1_0.max_quantity,
        ii1_0.min_quantity,
        ii1_0.name,
        ii1_0.price,
        ii1_0.quantity,
        ii1_0.status,
        ii1_0.supplier_id,
        ii1_0.unit_of_measurement,
        ii1_0.updated_at,
        ii1_0.updated_by,
        ii1_0.warranty_expiry 
    from
        inventory_items ii1_0
2025-08-26T12:53:41.525+05:30 DEBUG 9676 --- [hotel-inventory] [nio-8082-exec-5] org.hibernate.SQL                        : 
    select
        c1_0.id,
        c1_0.created_at,
        c1_0.description,
        c1_0.is_active,
        c1_0.name,
        c1_0.supply_item,
        c1_0.updated_at 
    from
        categories c1_0 
    where
        c1_0.id=?
Hibernate: 
    select
        c1_0.id,
        c1_0.created_at,
        c1_0.description,
        c1_0.is_active,
        c1_0.name,
        c1_0.supply_item,
        c1_0.updated_at 
    from
        categories c1_0 
    where
        c1_0.id=?
2025-08-26T12:53:41.530+05:30 DEBUG 9676 --- [hotel-inventory] [nio-8082-exec-5] org.hibernate.SQL                        : 
    select
        s1_0.id,
        s1_0.address,
        s1_0.contact_person,
        s1_0.created_at,
        s1_0.description,
        s1_0.email,
        s1_0.is_active,
        s1_0.name,
        s1_0.phone_number,
        s1_0.supply_item,
        s1_0.updated_at 
    from
        suppliers s1_0 
    where
        s1_0.id=?
Hibernate: 
    select
        s1_0.id,
        s1_0.address,
        s1_0.contact_person,
        s1_0.created_at,
        s1_0.description,
        s1_0.email,
        s1_0.is_active,
        s1_0.name,
        s1_0.phone_number,
        s1_0.supply_item,
        s1_0.updated_at 
    from
        suppliers s1_0 
    where
        s1_0.id=?
2025-08-26T12:53:41.533+05:30 DEBUG 9676 --- [hotel-inventory] [nio-8082-exec-5] org.hibernate.SQL                        : 
    select
        c1_0.id,
        c1_0.created_at,
        c1_0.description,
        c1_0.is_active,
        c1_0.name,
        c1_0.supply_item,
        c1_0.updated_at 
    from
        categories c1_0 
    where
        c1_0.id=?
Hibernate: 
    select
        c1_0.id,
        c1_0.created_at,
        c1_0.description,
        c1_0.is_active,
        c1_0.name,
        c1_0.supply_item,
        c1_0.updated_at 
    from
        categories c1_0 
    where
        c1_0.id=?
2025-08-26T12:53:41.534+05:30 DEBUG 9676 --- [hotel-inventory] [nio-8082-exec-5] org.hibernate.SQL                        : 
    select
        s1_0.id,
        s1_0.address,
        s1_0.contact_person,
        s1_0.created_at,
        s1_0.description,
        s1_0.email,
        s1_0.is_active,
        s1_0.name,
        s1_0.phone_number,
        s1_0.supply_item,
        s1_0.updated_at 
    from
        suppliers s1_0 
    where
        s1_0.id=?
Hibernate: 
    select
        s1_0.id,
        s1_0.address,
        s1_0.contact_person,
        s1_0.created_at,
        s1_0.description,
        s1_0.email,
        s1_0.is_active,
        s1_0.name,
        s1_0.phone_number,
        s1_0.supply_item,
        s1_0.updated_at 
    from
        suppliers s1_0 
    where
        s1_0.id=?
2025-08-26T12:53:41.537+05:30 DEBUG 9676 --- [hotel-inventory] [nio-8082-exec-5] o.s.w.s.m.m.a.HttpEntityMethodProcessor  : Using 'application/json', given [*/*] and supported [application/json, application/*+json, application/yaml]
2025-08-26T12:53:41.551+05:30 DEBUG 9676 --- [hotel-inventory] [nio-8082-exec-5] o.s.w.s.m.m.a.HttpEntityMethodProcessor  : Writing [[InventoryItemDto(id=1, name=Towels, description=Hotel bath towels, category=CategoryDto(id=1, name= (truncated)...]
2025-08-26T12:53:41.562+05:30 DEBUG 9676 --- [hotel-inventory] [nio-8082-exec-5] o.s.web.servlet.DispatcherServlet        : Completed 200 OK
2025-08-26T12:53:48.983+05:30 DEBUG 9676 --- [hotel-inventory] [nio-8082-exec-7] org.hibernate.SQL                        : 
    select
        u1_0.id,
        u1_0.created_at,
        u1_0.email,
        u1_0.first_name,
        u1_0.is_active,
        u1_0.last_name,
        u1_0.password,
        u1_0.role,
        u1_0.updated_at,
        u1_0.username 
    from
        users u1_0 
    where
        u1_0.email=?
Hibernate: 
    select
        u1_0.id,
        u1_0.created_at,
        u1_0.email,
        u1_0.first_name,
        u1_0.is_active,
        u1_0.last_name,
        u1_0.password,
        u1_0.role,
        u1_0.updated_at,
        u1_0.username 
    from
        users u1_0 
    where
        u1_0.email=?
2025-08-26T12:53:48.986+05:30 DEBUG 9676 --- [hotel-inventory] [nio-8082-exec-7] o.s.web.servlet.DispatcherServlet        : GET "/api/suppliers", parameters={}
2025-08-26T12:53:48.986+05:30 DEBUG 9676 --- [hotel-inventory] [nio-8082-exec-7] s.w.s.m.m.a.RequestMappingHandlerMapping : Mapped to com.example.hotel_inventory.controller.SupplierController#getAllSuppliers()
2025-08-26T12:53:48.989+05:30 DEBUG 9676 --- [hotel-inventory] [nio-8082-exec-7] org.hibernate.SQL                        : 
    select
        s1_0.id,
        s1_0.address,
        s1_0.contact_person,
        s1_0.created_at,
        s1_0.description,
        s1_0.email,
        s1_0.is_active,
        s1_0.name,
        s1_0.phone_number,
        s1_0.supply_item,
        s1_0.updated_at 
    from
        suppliers s1_0
Hibernate: 
    select
        s1_0.id,
        s1_0.address,
        s1_0.contact_person,
        s1_0.created_at,
        s1_0.description,
        s1_0.email,
        s1_0.is_active,
        s1_0.name,
        s1_0.phone_number,
        s1_0.supply_item,
        s1_0.updated_at 
    from
        suppliers s1_0
2025-08-26T12:53:48.994+05:30 DEBUG 9676 --- [hotel-inventory] [nio-8082-exec-7] o.s.w.s.m.m.a.HttpEntityMethodProcessor  : Using 'application/json', given [*/*] and supported [application/json, application/*+json, application/yaml]
2025-08-26T12:53:48.994+05:30 DEBUG 9676 --- [hotel-inventory] [nio-8082-exec-7] o.s.w.s.m.m.a.HttpEntityMethodProcessor  : Writing [[SupplierDto(id=1, name=Hotel Supply Co, description=null, contactPerson=John Doe, phoneNumber=123-4 (truncated)...]
2025-08-26T12:53:48.995+05:30 DEBUG 9676 --- [hotel-inventory] [nio-8082-exec-7] o.s.web.servlet.DispatcherServlet        : Completed 200 OK
2025-08-26T12:54:28.459+05:30 DEBUG 9676 --- [hotel-inventory] [nio-8082-exec-6] org.hibernate.SQL                        : 
    select
        u1_0.id,
        u1_0.created_at,
        u1_0.email,
        u1_0.first_name,
        u1_0.is_active,
        u1_0.last_name,
        u1_0.password,
        u1_0.role,
        u1_0.updated_at,
        u1_0.username 
    from
        users u1_0 
    where
        u1_0.email=?
Hibernate: 
    select
        u1_0.id,
        u1_0.created_at,
        u1_0.email,
        u1_0.first_name,
        u1_0.is_active,
        u1_0.last_name,
        u1_0.password,
        u1_0.role,
        u1_0.updated_at,
        u1_0.username 
    from
        users u1_0 
    where
        u1_0.email=?
2025-08-26T12:54:28.461+05:30 DEBUG 9676 --- [hotel-inventory] [nio-8082-exec-6] o.s.web.servlet.DispatcherServlet        : GET "/api/categories", parameters={}
2025-08-26T12:54:28.461+05:30 DEBUG 9676 --- [hotel-inventory] [nio-8082-exec-6] s.w.s.m.m.a.RequestMappingHandlerMapping : Mapped to com.example.hotel_inventory.controller.CategoryController#getAllCategories()
2025-08-26T12:54:28.464+05:30 DEBUG 9676 --- [hotel-inventory] [nio-8082-exec-6] org.hibernate.SQL                        : 
    select
        c1_0.id,
        c1_0.created_at,
        c1_0.description,
        c1_0.is_active,
        c1_0.name,
        c1_0.supply_item,
        c1_0.updated_at 
    from
        categories c1_0
Hibernate: 
    select
        c1_0.id,
        c1_0.created_at,
        c1_0.description,
        c1_0.is_active,
        c1_0.name,
        c1_0.supply_item,
        c1_0.updated_at 
    from
        categories c1_0
2025-08-26T12:54:28.467+05:30 DEBUG 9676 --- [hotel-inventory] [nio-8082-exec-6] o.s.w.s.m.m.a.HttpEntityMethodProcessor  : Using 'application/json', given [*/*] and supported [application/json, application/*+json, application/yaml]
2025-08-26T12:54:28.467+05:30 DEBUG 9676 --- [hotel-inventory] [nio-8082-exec-6] o.s.w.s.m.m.a.HttpEntityMethodProcessor  : Writing [[CategoryDto(id=1, name=Room Supplies, supplyItems=null, description=Supplies needed for guest rooms (truncated)...]
2025-08-26T12:54:28.469+05:30 DEBUG 9676 --- [hotel-inventory] [nio-8082-exec-6] o.s.web.servlet.DispatcherServlet        : Completed 200 OK
2025-08-26T12:54:48.748+05:30 DEBUG 9676 --- [hotel-inventory] [nio-8082-exec-2] org.hibernate.SQL                        : 
    select
        u1_0.id,
        u1_0.created_at,
        u1_0.email,
        u1_0.first_name,
        u1_0.is_active,
        u1_0.last_name,
        u1_0.password,
        u1_0.role,
        u1_0.updated_at,
        u1_0.username 
    from
        users u1_0 
    where
        u1_0.email=?
Hibernate: 
    select
        u1_0.id,
        u1_0.created_at,
        u1_0.email,
        u1_0.first_name,
        u1_0.is_active,
        u1_0.last_name,
        u1_0.password,
        u1_0.role,
        u1_0.updated_at,
        u1_0.username 
    from
        users u1_0 
    where
        u1_0.email=?
2025-08-26T12:54:48.752+05:30 DEBUG 9676 --- [hotel-inventory] [nio-8082-exec-2] o.s.web.servlet.DispatcherServlet        : GET "/api/auth/me", parameters={}
2025-08-26T12:54:48.752+05:30 DEBUG 9676 --- [hotel-inventory] [nio-8082-exec-2] s.w.s.m.m.a.RequestMappingHandlerMapping : Mapped to com.example.hotel_inventory.controller.AuthController#getCurrentUser()
2025-08-26T12:54:48.758+05:30 DEBUG 9676 --- [hotel-inventory] [nio-8082-exec-2] o.s.w.s.m.m.a.HttpEntityMethodProcessor  : Using 'application/json', given [*/*] and supported [application/json, application/*+json, application/yaml]
2025-08-26T12:54:48.762+05:30 DEBUG 9676 --- [hotel-inventory] [nio-8082-exec-2] o.s.w.s.m.m.a.HttpEntityMethodProcessor  : Writing [UserDto(id=2, username=sampleadmin, email=sampleadmin@hotel.com, firstName=sampleadmin, lastName=Use (truncated)...]
2025-08-26T12:54:48.764+05:30 DEBUG 9676 --- [hotel-inventory] [nio-8082-exec-2] o.s.web.servlet.DispatcherServlet        : Completed 200 OK
2025-08-26T12:54:48.770+05:30 DEBUG 9676 --- [hotel-inventory] [nio-8082-exec-1] org.hibernate.SQL                        : 
    select
        u1_0.id,
        u1_0.created_at,
        u1_0.email,
        u1_0.first_name,
        u1_0.is_active,
        u1_0.last_name,
        u1_0.password,
        u1_0.role,
        u1_0.updated_at,
        u1_0.username 
    from
        users u1_0 
    where
        u1_0.email=?
Hibernate: 
    select
        u1_0.id,
        u1_0.created_at,
        u1_0.email,
        u1_0.first_name,
        u1_0.is_active,
        u1_0.last_name,
        u1_0.password,
        u1_0.role,
        u1_0.updated_at,
        u1_0.username 
    from
        users u1_0 
    where
        u1_0.email=?
2025-08-26T12:54:48.773+05:30 DEBUG 9676 --- [hotel-inventory] [nio-8082-exec-1] o.s.web.servlet.DispatcherServlet        : GET "/api/auth/me", parameters={}
2025-08-26T12:54:48.775+05:30 DEBUG 9676 --- [hotel-inventory] [nio-8082-exec-1] s.w.s.m.m.a.RequestMappingHandlerMapping : Mapped to com.example.hotel_inventory.controller.AuthController#getCurrentUser()
2025-08-26T12:54:48.776+05:30 DEBUG 9676 --- [hotel-inventory] [nio-8082-exec-1] o.s.w.s.m.m.a.HttpEntityMethodProcessor  : Using 'application/json', given [*/*] and supported [application/json, application/*+json, application/yaml]
2025-08-26T12:54:48.776+05:30 DEBUG 9676 --- [hotel-inventory] [nio-8082-exec-1] o.s.w.s.m.m.a.HttpEntityMethodProcessor  : Writing [UserDto(id=2, username=sampleadmin, email=sampleadmin@hotel.com, firstName=sampleadmin, lastName=Use (truncated)...]
2025-08-26T12:54:48.777+05:30 DEBUG 9676 --- [hotel-inventory] [nio-8082-exec-1] o.s.web.servlet.DispatcherServlet        : Completed 200 OK
2025-08-26T12:54:49.024+05:30 DEBUG 9676 --- [hotel-inventory] [nio-8082-exec-8] o.s.web.servlet.DispatcherServlet        : "ERROR" dispatch for GET "/error", parameters={}
2025-08-26T12:54:49.024+05:30 DEBUG 9676 --- [hotel-inventory] [nio-8082-exec-5] o.s.web.servlet.DispatcherServlet        : "ERROR" dispatch for GET "/error", parameters={}
2025-08-26T12:54:49.024+05:30 DEBUG 9676 --- [hotel-inventory] [nio-8082-exec-8] s.w.s.m.m.a.RequestMappingHandlerMapping : Mapped to org.springframework.boot.autoconfigure.web.servlet.error.BasicErrorController#error(HttpServletRequest)
2025-08-26T12:54:49.026+05:30 DEBUG 9676 --- [hotel-inventory] [nio-8082-exec-5] s.w.s.m.m.a.RequestMappingHandlerMapping : Mapped to org.springframework.boot.autoconfigure.web.servlet.error.BasicErrorController#error(HttpServletRequest)
2025-08-26T12:54:49.026+05:30 DEBUG 9676 --- [hotel-inventory] [nio-8082-exec-3] o.s.web.servlet.DispatcherServlet        : "ERROR" dispatch for GET "/error", parameters={}
2025-08-26T12:54:49.026+05:30 DEBUG 9676 --- [hotel-inventory] [nio-8082-exec-3] s.w.s.m.m.a.RequestMappingHandlerMapping : Mapped to org.springframework.boot.autoconfigure.web.servlet.error.BasicErrorController#error(HttpServletRequest)
2025-08-26T12:54:49.028+05:30 DEBUG 9676 --- [hotel-inventory] [nio-8082-exec-5] o.s.w.s.m.m.a.HttpEntityMethodProcessor  : Using 'application/json', given [*/*] and supported [application/json, application/*+json, application/yaml]
2025-08-26T12:54:49.028+05:30 DEBUG 9676 --- [hotel-inventory] [nio-8082-exec-3] o.s.w.s.m.m.a.HttpEntityMethodProcessor  : Using 'application/json', given [*/*] and supported [application/json, application/*+json, application/yaml]
2025-08-26T12:54:49.028+05:30 DEBUG 9676 --- [hotel-inventory] [nio-8082-exec-8] o.s.w.s.m.m.a.HttpEntityMethodProcessor  : Using 'application/json', given [*/*] and supported [application/json, application/*+json, application/yaml]
2025-08-26T12:54:49.029+05:30 DEBUG 9676 --- [hotel-inventory] [nio-8082-exec-8] o.s.w.s.m.m.a.HttpEntityMethodProcessor  : Writing [{timestamp=Tue Aug 26 12:54:49 IST 2025, status=403, error=Forbidden, path=/api/categories}]
2025-08-26T12:54:49.029+05:30 DEBUG 9676 --- [hotel-inventory] [nio-8082-exec-3] o.s.w.s.m.m.a.HttpEntityMethodProcessor  : Writing [{timestamp=Tue Aug 26 12:54:49 IST 2025, status=403, error=Forbidden, path=/api/inventory}]
2025-08-26T12:54:49.029+05:30 DEBUG 9676 --- [hotel-inventory] [nio-8082-exec-5] o.s.w.s.m.m.a.HttpEntityMethodProcessor  : Writing [{timestamp=Tue Aug 26 12:54:49 IST 2025, status=403, error=Forbidden, path=/api/suppliers}]
2025-08-26T12:54:49.044+05:30 DEBUG 9676 --- [hotel-inventory] [io-8082-exec-10] o.s.web.servlet.DispatcherServlet        : "ERROR" dispatch for GET "/error", parameters={}
2025-08-26T12:54:49.044+05:30 DEBUG 9676 --- [hotel-inventory] [io-8082-exec-10] s.w.s.m.m.a.RequestMappingHandlerMapping : Mapped to org.springframework.boot.autoconfigure.web.servlet.error.BasicErrorController#error(HttpServletRequest)
2025-08-26T12:54:49.044+05:30 DEBUG 9676 --- [hotel-inventory] [nio-8082-exec-4] o.s.web.servlet.DispatcherServlet        : "ERROR" dispatch for GET "/error", parameters={}
2025-08-26T12:54:49.045+05:30 DEBUG 9676 --- [hotel-inventory] [nio-8082-exec-3] o.s.web.servlet.DispatcherServlet        : Exiting from "ERROR" dispatch, status 403
2025-08-26T12:54:49.045+05:30 DEBUG 9676 --- [hotel-inventory] [nio-8082-exec-4] s.w.s.m.m.a.RequestMappingHandlerMapping : Mapped to org.springframework.boot.autoconfigure.web.servlet.error.BasicErrorController#error(HttpServletRequest)
2025-08-26T12:54:49.044+05:30 DEBUG 9676 --- [hotel-inventory] [nio-8082-exec-7] o.s.web.servlet.DispatcherServlet        : "ERROR" dispatch for GET "/error", parameters={}
2025-08-26T12:54:49.045+05:30 DEBUG 9676 --- [hotel-inventory] [nio-8082-exec-7] s.w.s.m.m.a.RequestMappingHandlerMapping : Mapped to org.springframework.boot.autoconfigure.web.servlet.error.BasicErrorController#error(HttpServletRequest)
2025-08-26T12:54:49.045+05:30 DEBUG 9676 --- [hotel-inventory] [nio-8082-exec-4] o.s.w.s.m.m.a.HttpEntityMethodProcessor  : Using 'application/json', given [*/*] and supported [application/json, application/*+json, application/yaml]
2025-08-26T12:54:49.045+05:30 DEBUG 9676 --- [hotel-inventory] [io-8082-exec-10] o.s.w.s.m.m.a.HttpEntityMethodProcessor  : Using 'application/json', given [*/*] and supported [application/json, application/*+json, application/yaml]
2025-08-26T12:54:49.046+05:30 DEBUG 9676 --- [hotel-inventory] [io-8082-exec-10] o.s.w.s.m.m.a.HttpEntityMethodProcessor  : Writing [{timestamp=Tue Aug 26 12:54:49 IST 2025, status=403, error=Forbidden, path=/api/inventory}]
2025-08-26T12:54:49.046+05:30 DEBUG 9676 --- [hotel-inventory] [nio-8082-exec-4] o.s.w.s.m.m.a.HttpEntityMethodProcessor  : Writing [{timestamp=Tue Aug 26 12:54:49 IST 2025, status=403, error=Forbidden, path=/api/categories}]
2025-08-26T12:54:49.046+05:30 DEBUG 9676 --- [hotel-inventory] [nio-8082-exec-7] o.s.w.s.m.m.a.HttpEntityMethodProcessor  : Using 'application/json', given [*/*] and supported [application/json, application/*+json, application/yaml]
2025-08-26T12:54:49.047+05:30 DEBUG 9676 --- [hotel-inventory] [nio-8082-exec-7] o.s.w.s.m.m.a.HttpEntityMethodProcessor  : Writing [{timestamp=Tue Aug 26 12:54:49 IST 2025, status=403, error=Forbidden, path=/api/suppliers}]
2025-08-26T12:54:49.048+05:30 DEBUG 9676 --- [hotel-inventory] [io-8082-exec-10] o.s.web.servlet.DispatcherServlet        : Exiting from "ERROR" dispatch, status 403
2025-08-26T12:54:49.048+05:30 DEBUG 9676 --- [hotel-inventory] [nio-8082-exec-7] o.s.web.servlet.DispatcherServlet        : Exiting from "ERROR" dispatch, status 403
2025-08-26T12:54:49.049+05:30 DEBUG 9676 --- [hotel-inventory] [nio-8082-exec-4] o.s.web.servlet.DispatcherServlet        : Exiting from "ERROR" dispatch, status 403
2025-08-26T12:54:49.050+05:30 DEBUG 9676 --- [hotel-inventory] [nio-8082-exec-8] o.s.web.servlet.DispatcherServlet        : Exiting from "ERROR" dispatch, status 403
2025-08-26T12:54:49.051+05:30 DEBUG 9676 --- [hotel-inventory] [nio-8082-exec-5] o.s.web.servlet.DispatcherServlet        : Exiting from "ERROR" dispatch, status 403
2025-08-26T12:54:50.943+05:30 DEBUG 9676 --- [hotel-inventory] [nio-8082-exec-6] org.hibernate.SQL                        : 
    select
        u1_0.id,
        u1_0.created_at,
        u1_0.email,
        u1_0.first_name,
        u1_0.is_active,
        u1_0.last_name,
        u1_0.password,
        u1_0.role,
        u1_0.updated_at,
        u1_0.username 
    from
        users u1_0 
    where
        u1_0.email=?
Hibernate: 
    select
        u1_0.id,
        u1_0.created_at,
        u1_0.email,
        u1_0.first_name,
        u1_0.is_active,
        u1_0.last_name,
        u1_0.password,
        u1_0.role,
        u1_0.updated_at,
        u1_0.username 
    from
        users u1_0 
    where
        u1_0.email=?
2025-08-26T12:54:50.946+05:30 DEBUG 9676 --- [hotel-inventory] [nio-8082-exec-6] o.s.web.servlet.DispatcherServlet        : POST "/api/auth/logout", parameters={}
2025-08-26T12:54:50.946+05:30 DEBUG 9676 --- [hotel-inventory] [nio-8082-exec-6] s.w.s.m.m.a.RequestMappingHandlerMapping : Mapped to com.example.hotel_inventory.controller.AuthController#logout(HttpServletResponse)
2025-08-26T12:54:50.947+05:30  INFO 9676 --- [hotel-inventory] [nio-8082-exec-6] c.e.h.service.impl.AuthServiceImpl       : User logged out successfully
2025-08-26T12:54:50.947+05:30 DEBUG 9676 --- [hotel-inventory] [nio-8082-exec-6] o.s.w.s.m.m.a.HttpEntityMethodProcessor  : Using 'text/plain', given [*/*] and supported [text/plain, */*, application/json, application/*+json, application/yaml]
2025-08-26T12:54:50.947+05:30 DEBUG 9676 --- [hotel-inventory] [nio-8082-exec-6] o.s.w.s.m.m.a.HttpEntityMethodProcessor  : Writing ["Logout successful"]
2025-08-26T12:54:50.948+05:30 DEBUG 9676 --- [hotel-inventory] [nio-8082-exec-6] o.s.web.servlet.DispatcherServlet        : Completed 200 OK
2025-08-26T12:55:01.181+05:30 DEBUG 9676 --- [hotel-inventory] [nio-8082-exec-9] o.s.web.servlet.DispatcherServlet        : POST "/api/auth/login", parameters={}
2025-08-26T12:55:01.182+05:30 DEBUG 9676 --- [hotel-inventory] [nio-8082-exec-9] s.w.s.m.m.a.RequestMappingHandlerMapping : Mapped to com.example.hotel_inventory.controller.AuthController#login(LoginRequest, HttpServletResponse)
2025-08-26T12:55:01.185+05:30 DEBUG 9676 --- [hotel-inventory] [nio-8082-exec-9] m.m.a.RequestResponseBodyMethodProcessor : Read "application/json;charset=UTF-8" to [LoginRequest(email=sampleadmin@hotel.com, password=sampleadmin123)]
2025-08-26T12:55:01.185+05:30  INFO 9676 --- [hotel-inventory] [nio-8082-exec-9] c.e.h.controller.AuthController          : Login attempt for email: sampleadmin@hotel.com
2025-08-26T12:55:01.187+05:30 DEBUG 9676 --- [hotel-inventory] [nio-8082-exec-9] org.hibernate.SQL                        : 
    select
        u1_0.id,
        u1_0.created_at,
        u1_0.email,
        u1_0.first_name,
        u1_0.is_active,
        u1_0.last_name,
        u1_0.password,
        u1_0.role,
        u1_0.updated_at,
        u1_0.username 
    from
        users u1_0 
    where
        u1_0.email=?
Hibernate: 
    select
        u1_0.id,
        u1_0.created_at,
        u1_0.email,
        u1_0.first_name,
        u1_0.is_active,
        u1_0.last_name,
        u1_0.password,
        u1_0.role,
        u1_0.updated_at,
        u1_0.username 
    from
        users u1_0 
    where
        u1_0.email=?
2025-08-26T12:55:01.309+05:30  INFO 9676 --- [hotel-inventory] [nio-8082-exec-9] c.e.h.s.impl.RefreshTokenServiceImpl     : Revoking all refresh tokens for user: sampleadmin@hotel.com
2025-08-26T12:55:01.310+05:30 DEBUG 9676 --- [hotel-inventory] [nio-8082-exec-9] org.hibernate.SQL                        : 
    update
        refresh_tokens rt1_0 
    set
        revoked=1 
    where
        rt1_0.user_id=?
Hibernate: 
    update
        refresh_tokens rt1_0 
    set
        revoked=1 
    where
        rt1_0.user_id=?
2025-08-26T12:55:01.312+05:30  INFO 9676 --- [hotel-inventory] [nio-8082-exec-9] c.e.h.s.impl.RefreshTokenServiceImpl     : Creating refresh token for user: sampleadmin@hotel.com
2025-08-26T12:55:01.313+05:30 DEBUG 9676 --- [hotel-inventory] [nio-8082-exec-9] org.hibernate.SQL                        : 
    insert 
    into
        refresh_tokens
        (created_at, expires_at, revoked, token, user_id) 
    values
        (?, ?, ?, ?, ?)
Hibernate: 
    insert 
    into
        refresh_tokens
        (created_at, expires_at, revoked, token, user_id) 
    values
        (?, ?, ?, ?, ?)
2025-08-26T12:55:01.317+05:30  INFO 9676 --- [hotel-inventory] [nio-8082-exec-9] c.e.h.service.impl.AuthServiceImpl       : User logged in successfully: sampleadmin@hotel.com
2025-08-26T12:55:01.318+05:30  INFO 9676 --- [hotel-inventory] [nio-8082-exec-9] c.e.h.controller.AuthController          : Login successful for user: sampleadmin@hotel.com
2025-08-26T12:55:01.318+05:30 DEBUG 9676 --- [hotel-inventory] [nio-8082-exec-9] o.s.w.s.m.m.a.HttpEntityMethodProcessor  : Using 'application/json', given [*/*] and supported [application/json, application/*+json, application/yaml]
2025-08-26T12:55:01.318+05:30 DEBUG 9676 --- [hotel-inventory] [nio-8082-exec-9] o.s.w.s.m.m.a.HttpEntityMethodProcessor  : Writing [LoginResponse(success=true, message=Login successful, accessToken=eyJhbGciOiJIUzUxMiJ9.eyJzdWIiOiJzY (truncated)...]
2025-08-26T12:55:01.321+05:30 DEBUG 9676 --- [hotel-inventory] [nio-8082-exec-9] o.s.web.servlet.DispatcherServlet        : Completed 200 OK
2025-08-26T12:55:01.547+05:30 DEBUG 9676 --- [hotel-inventory] [nio-8082-exec-1] o.s.web.servlet.DispatcherServlet        : "ERROR" dispatch for GET "/error", parameters={}
2025-08-26T12:55:01.547+05:30 DEBUG 9676 --- [hotel-inventory] [nio-8082-exec-2] o.s.web.servlet.DispatcherServlet        : "ERROR" dispatch for GET "/error", parameters={}
2025-08-26T12:55:01.547+05:30 DEBUG 9676 --- [hotel-inventory] [nio-8082-exec-3] o.s.web.servlet.DispatcherServlet        : "ERROR" dispatch for GET "/error", parameters={}
2025-08-26T12:55:01.547+05:30 DEBUG 9676 --- [hotel-inventory] [nio-8082-exec-1] s.w.s.m.m.a.RequestMappingHandlerMapping : Mapped to org.springframework.boot.autoconfigure.web.servlet.error.BasicErrorController#error(HttpServletRequest)
2025-08-26T12:55:01.548+05:30 DEBUG 9676 --- [hotel-inventory] [nio-8082-exec-3] s.w.s.m.m.a.RequestMappingHandlerMapping : Mapped to org.springframework.boot.autoconfigure.web.servlet.error.BasicErrorController#error(HttpServletRequest)
2025-08-26T12:55:01.548+05:30 DEBUG 9676 --- [hotel-inventory] [nio-8082-exec-2] s.w.s.m.m.a.RequestMappingHandlerMapping : Mapped to org.springframework.boot.autoconfigure.web.servlet.error.BasicErrorController#error(HttpServletRequest)
2025-08-26T12:55:01.549+05:30 DEBUG 9676 --- [hotel-inventory] [nio-8082-exec-3] o.s.w.s.m.m.a.HttpEntityMethodProcessor  : Using 'application/json', given [*/*] and supported [application/json, application/*+json, application/yaml]
2025-08-26T12:55:01.549+05:30 DEBUG 9676 --- [hotel-inventory] [nio-8082-exec-2] o.s.w.s.m.m.a.HttpEntityMethodProcessor  : Using 'application/json', given [*/*] and supported [application/json, application/*+json, application/yaml]
2025-08-26T12:55:01.549+05:30 DEBUG 9676 --- [hotel-inventory] [nio-8082-exec-1] o.s.w.s.m.m.a.HttpEntityMethodProcessor  : Using 'application/json', given [*/*] and supported [application/json, application/*+json, application/yaml]
2025-08-26T12:55:01.549+05:30 DEBUG 9676 --- [hotel-inventory] [nio-8082-exec-2] o.s.w.s.m.m.a.HttpEntityMethodProcessor  : Writing [{timestamp=Tue Aug 26 12:55:01 IST 2025, status=403, error=Forbidden, path=/api/inventory}]
2025-08-26T12:55:01.549+05:30 DEBUG 9676 --- [hotel-inventory] [nio-8082-exec-3] o.s.w.s.m.m.a.HttpEntityMethodProcessor  : Writing [{timestamp=Tue Aug 26 12:55:01 IST 2025, status=403, error=Forbidden, path=/api/suppliers}]
2025-08-26T12:55:01.549+05:30 DEBUG 9676 --- [hotel-inventory] [nio-8082-exec-1] o.s.w.s.m.m.a.HttpEntityMethodProcessor  : Writing [{timestamp=Tue Aug 26 12:55:01 IST 2025, status=403, error=Forbidden, path=/api/categories}]
2025-08-26T12:55:01.550+05:30 DEBUG 9676 --- [hotel-inventory] [nio-8082-exec-1] o.s.web.servlet.DispatcherServlet        : Exiting from "ERROR" dispatch, status 403
2025-08-26T12:55:01.550+05:30 DEBUG 9676 --- [hotel-inventory] [nio-8082-exec-3] o.s.web.servlet.DispatcherServlet        : Exiting from "ERROR" dispatch, status 403
2025-08-26T12:55:01.550+05:30 DEBUG 9676 --- [hotel-inventory] [nio-8082-exec-2] o.s.web.servlet.DispatcherServlet        : Exiting from "ERROR" dispatch, status 403
2025-08-26T12:55:01.565+05:30 DEBUG 9676 --- [hotel-inventory] [nio-8082-exec-7] o.s.web.servlet.DispatcherServlet        : "ERROR" dispatch for GET "/error", parameters={}
2025-08-26T12:55:01.565+05:30 DEBUG 9676 --- [hotel-inventory] [nio-8082-exec-7] s.w.s.m.m.a.RequestMappingHandlerMapping : Mapped to org.springframework.boot.autoconfigure.web.servlet.error.BasicErrorController#error(HttpServletRequest)
2025-08-26T12:55:01.565+05:30 DEBUG 9676 --- [hotel-inventory] [io-8082-exec-10] o.s.web.servlet.DispatcherServlet        : "ERROR" dispatch for GET "/error", parameters={}
2025-08-26T12:55:01.566+05:30 DEBUG 9676 --- [hotel-inventory] [io-8082-exec-10] s.w.s.m.m.a.RequestMappingHandlerMapping : Mapped to org.springframework.boot.autoconfigure.web.servlet.error.BasicErrorController#error(HttpServletRequest)
2025-08-26T12:55:01.566+05:30 DEBUG 9676 --- [hotel-inventory] [nio-8082-exec-7] o.s.w.s.m.m.a.HttpEntityMethodProcessor  : Using 'application/json', given [*/*] and supported [application/json, application/*+json, application/yaml]
2025-08-26T12:55:01.566+05:30 DEBUG 9676 --- [hotel-inventory] [io-8082-exec-10] o.s.w.s.m.m.a.HttpEntityMethodProcessor  : Using 'application/json', given [*/*] and supported [application/json, application/*+json, application/yaml]
2025-08-26T12:55:01.566+05:30 DEBUG 9676 --- [hotel-inventory] [io-8082-exec-10] o.s.w.s.m.m.a.HttpEntityMethodProcessor  : Writing [{timestamp=Tue Aug 26 12:55:01 IST 2025, status=403, error=Forbidden, path=/api/inventory}]
2025-08-26T12:55:01.566+05:30 DEBUG 9676 --- [hotel-inventory] [nio-8082-exec-7] o.s.w.s.m.m.a.HttpEntityMethodProcessor  : Writing [{timestamp=Tue Aug 26 12:55:01 IST 2025, status=403, error=Forbidden, path=/api/categories}]
2025-08-26T12:55:01.567+05:30 DEBUG 9676 --- [hotel-inventory] [nio-8082-exec-4] o.s.web.servlet.DispatcherServlet        : "ERROR" dispatch for GET "/error", parameters={}
2025-08-26T12:55:01.567+05:30 DEBUG 9676 --- [hotel-inventory] [io-8082-exec-10] o.s.web.servlet.DispatcherServlet        : Exiting from "ERROR" dispatch, status 403
2025-08-26T12:55:01.567+05:30 DEBUG 9676 --- [hotel-inventory] [nio-8082-exec-7] o.s.web.servlet.DispatcherServlet        : Exiting from "ERROR" dispatch, status 403
2025-08-26T12:55:01.567+05:30 DEBUG 9676 --- [hotel-inventory] [nio-8082-exec-4] s.w.s.m.m.a.RequestMappingHandlerMapping : Mapped to org.springframework.boot.autoconfigure.web.servlet.error.BasicErrorController#error(HttpServletRequest)
2025-08-26T12:55:01.567+05:30 DEBUG 9676 --- [hotel-inventory] [nio-8082-exec-4] o.s.w.s.m.m.a.HttpEntityMethodProcessor  : Using 'application/json', given [*/*] and supported [application/json, application/*+json, application/yaml]
2025-08-26T12:55:01.567+05:30 DEBUG 9676 --- [hotel-inventory] [nio-8082-exec-4] o.s.w.s.m.m.a.HttpEntityMethodProcessor  : Writing [{timestamp=Tue Aug 26 12:55:01 IST 2025, status=403, error=Forbidden, path=/api/suppliers}]
2025-08-26T12:55:01.569+05:30 DEBUG 9676 --- [hotel-inventory] [nio-8082-exec-4] o.s.web.servlet.DispatcherServlet        : Exiting from "ERROR" dispatch, status 403
2025-08-26T12:55:10.507+05:30 DEBUG 9676 --- [hotel-inventory] [nio-8082-exec-8] org.hibernate.SQL                        : 
    select
        u1_0.id,
        u1_0.created_at,
        u1_0.email,
        u1_0.first_name,
        u1_0.is_active,
        u1_0.last_name,
        u1_0.password,
        u1_0.role,
        u1_0.updated_at,
        u1_0.username 
    from
        users u1_0 
    where
        u1_0.email=?
Hibernate: 
    select
        u1_0.id,
        u1_0.created_at,
        u1_0.email,
        u1_0.first_name,
        u1_0.is_active,
        u1_0.last_name,
        u1_0.password,
        u1_0.role,
        u1_0.updated_at,
        u1_0.username 
    from
        users u1_0 
    where
        u1_0.email=?
2025-08-26T12:55:10.518+05:30 DEBUG 9676 --- [hotel-inventory] [nio-8082-exec-8] o.s.web.servlet.DispatcherServlet        : GET "/api/auth/me", parameters={}
2025-08-26T12:55:10.518+05:30 DEBUG 9676 --- [hotel-inventory] [nio-8082-exec-8] s.w.s.m.m.a.RequestMappingHandlerMapping : Mapped to com.example.hotel_inventory.controller.AuthController#getCurrentUser()
2025-08-26T12:55:10.519+05:30 DEBUG 9676 --- [hotel-inventory] [nio-8082-exec-8] o.s.w.s.m.m.a.HttpEntityMethodProcessor  : Using 'application/json', given [*/*] and supported [application/json, application/*+json, application/yaml]
2025-08-26T12:55:10.519+05:30 DEBUG 9676 --- [hotel-inventory] [nio-8082-exec-8] o.s.w.s.m.m.a.HttpEntityMethodProcessor  : Writing [UserDto(id=2, username=sampleadmin, email=sampleadmin@hotel.com, firstName=sampleadmin, lastName=Use (truncated)...]
2025-08-26T12:55:10.520+05:30 DEBUG 9676 --- [hotel-inventory] [nio-8082-exec-8] o.s.web.servlet.DispatcherServlet        : Completed 200 OK
2025-08-26T12:55:10.529+05:30 DEBUG 9676 --- [hotel-inventory] [nio-8082-exec-5] org.hibernate.SQL                        : 
    select
        u1_0.id,
        u1_0.created_at,
        u1_0.email,
        u1_0.first_name,
        u1_0.is_active,
        u1_0.last_name,
        u1_0.password,
        u1_0.role,
        u1_0.updated_at,
        u1_0.username 
    from
        users u1_0 
    where
        u1_0.email=?
Hibernate: 
    select
        u1_0.id,
        u1_0.created_at,
        u1_0.email,
        u1_0.first_name,
        u1_0.is_active,
        u1_0.last_name,
        u1_0.password,
        u1_0.role,
        u1_0.updated_at,
        u1_0.username 
    from
        users u1_0 
    where
        u1_0.email=?
2025-08-26T12:55:10.531+05:30 DEBUG 9676 --- [hotel-inventory] [nio-8082-exec-5] o.s.web.servlet.DispatcherServlet        : GET "/api/auth/me", parameters={}
2025-08-26T12:55:10.532+05:30 DEBUG 9676 --- [hotel-inventory] [nio-8082-exec-5] s.w.s.m.m.a.RequestMappingHandlerMapping : Mapped to com.example.hotel_inventory.controller.AuthController#getCurrentUser()
2025-08-26T12:55:10.533+05:30 DEBUG 9676 --- [hotel-inventory] [nio-8082-exec-5] o.s.w.s.m.m.a.HttpEntityMethodProcessor  : Using 'application/json', given [*/*] and supported [application/json, application/*+json, application/yaml]
2025-08-26T12:55:10.533+05:30 DEBUG 9676 --- [hotel-inventory] [nio-8082-exec-5] o.s.w.s.m.m.a.HttpEntityMethodProcessor  : Writing [UserDto(id=2, username=sampleadmin, email=sampleadmin@hotel.com, firstName=sampleadmin, lastName=Use (truncated)...]
2025-08-26T12:55:10.534+05:30 DEBUG 9676 --- [hotel-inventory] [nio-8082-exec-5] o.s.web.servlet.DispatcherServlet        : Completed 200 OK
2025-08-26T12:55:10.699+05:30 DEBUG 9676 --- [hotel-inventory] [nio-8082-exec-6] o.s.web.servlet.DispatcherServlet        : "ERROR" dispatch for GET "/error", parameters={}
2025-08-26T12:55:10.699+05:30 DEBUG 9676 --- [hotel-inventory] [nio-8082-exec-3] o.s.web.servlet.DispatcherServlet        : "ERROR" dispatch for GET "/error", parameters={}
2025-08-26T12:55:10.699+05:30 DEBUG 9676 --- [hotel-inventory] [nio-8082-exec-9] o.s.web.servlet.DispatcherServlet        : "ERROR" dispatch for GET "/error", parameters={}
2025-08-26T12:55:10.699+05:30 DEBUG 9676 --- [hotel-inventory] [nio-8082-exec-6] s.w.s.m.m.a.RequestMappingHandlerMapping : Mapped to org.springframework.boot.autoconfigure.web.servlet.error.BasicErrorController#error(HttpServletRequest)
2025-08-26T12:55:10.699+05:30 DEBUG 9676 --- [hotel-inventory] [nio-8082-exec-3] s.w.s.m.m.a.RequestMappingHandlerMapping : Mapped to org.springframework.boot.autoconfigure.web.servlet.error.BasicErrorController#error(HttpServletRequest)
2025-08-26T12:55:10.699+05:30 DEBUG 9676 --- [hotel-inventory] [nio-8082-exec-9] s.w.s.m.m.a.RequestMappingHandlerMapping : Mapped to org.springframework.boot.autoconfigure.web.servlet.error.BasicErrorController#error(HttpServletRequest)
2025-08-26T12:55:10.700+05:30 DEBUG 9676 --- [hotel-inventory] [nio-8082-exec-6] o.s.w.s.m.m.a.HttpEntityMethodProcessor  : Using 'application/json', given [*/*] and supported [application/json, application/*+json, application/yaml]
2025-08-26T12:55:10.700+05:30 DEBUG 9676 --- [hotel-inventory] [nio-8082-exec-9] o.s.w.s.m.m.a.HttpEntityMethodProcessor  : Using 'application/json', given [*/*] and supported [application/json, application/*+json, application/yaml]
2025-08-26T12:55:10.700+05:30 DEBUG 9676 --- [hotel-inventory] [nio-8082-exec-3] o.s.w.s.m.m.a.HttpEntityMethodProcessor  : Using 'application/json', given [*/*] and supported [application/json, application/*+json, application/yaml]
2025-08-26T12:55:10.700+05:30 DEBUG 9676 --- [hotel-inventory] [nio-8082-exec-6] o.s.w.s.m.m.a.HttpEntityMethodProcessor  : Writing [{timestamp=Tue Aug 26 12:55:10 IST 2025, status=403, error=Forbidden, path=/api/inventory}]
2025-08-26T12:55:10.700+05:30 DEBUG 9676 --- [hotel-inventory] [nio-8082-exec-3] o.s.w.s.m.m.a.HttpEntityMethodProcessor  : Writing [{timestamp=Tue Aug 26 12:55:10 IST 2025, status=403, error=Forbidden, path=/api/suppliers}]
2025-08-26T12:55:10.700+05:30 DEBUG 9676 --- [hotel-inventory] [nio-8082-exec-9] o.s.w.s.m.m.a.HttpEntityMethodProcessor  : Writing [{timestamp=Tue Aug 26 12:55:10 IST 2025, status=403, error=Forbidden, path=/api/categories}]
2025-08-26T12:55:10.700+05:30 DEBUG 9676 --- [hotel-inventory] [nio-8082-exec-9] o.s.web.servlet.DispatcherServlet        : Exiting from "ERROR" dispatch, status 403
2025-08-26T12:55:10.700+05:30 DEBUG 9676 --- [hotel-inventory] [nio-8082-exec-3] o.s.web.servlet.DispatcherServlet        : Exiting from "ERROR" dispatch, status 403
2025-08-26T12:55:10.701+05:30 DEBUG 9676 --- [hotel-inventory] [nio-8082-exec-6] o.s.web.servlet.DispatcherServlet        : Exiting from "ERROR" dispatch, status 403
2025-08-26T12:55:10.706+05:30 DEBUG 9676 --- [hotel-inventory] [nio-8082-exec-7] o.s.web.servlet.DispatcherServlet        : "ERROR" dispatch for GET "/error", parameters={}
2025-08-26T12:55:10.706+05:30 DEBUG 9676 --- [hotel-inventory] [nio-8082-exec-2] o.s.web.servlet.DispatcherServlet        : "ERROR" dispatch for GET "/error", parameters={}
2025-08-26T12:55:10.706+05:30 DEBUG 9676 --- [hotel-inventory] [nio-8082-exec-1] o.s.web.servlet.DispatcherServlet        : "ERROR" dispatch for GET "/error", parameters={}
2025-08-26T12:55:10.707+05:30 DEBUG 9676 --- [hotel-inventory] [nio-8082-exec-7] s.w.s.m.m.a.RequestMappingHandlerMapping : Mapped to org.springframework.boot.autoconfigure.web.servlet.error.BasicErrorController#error(HttpServletRequest)
2025-08-26T12:55:10.707+05:30 DEBUG 9676 --- [hotel-inventory] [nio-8082-exec-1] s.w.s.m.m.a.RequestMappingHandlerMapping : Mapped to org.springframework.boot.autoconfigure.web.servlet.error.BasicErrorController#error(HttpServletRequest)
2025-08-26T12:55:10.707+05:30 DEBUG 9676 --- [hotel-inventory] [nio-8082-exec-2] s.w.s.m.m.a.RequestMappingHandlerMapping : Mapped to org.springframework.boot.autoconfigure.web.servlet.error.BasicErrorController#error(HttpServletRequest)
2025-08-26T12:55:10.707+05:30 DEBUG 9676 --- [hotel-inventory] [nio-8082-exec-1] o.s.w.s.m.m.a.HttpEntityMethodProcessor  : Using 'application/json', given [*/*] and supported [application/json, application/*+json, application/yaml]
2025-08-26T12:55:10.707+05:30 DEBUG 9676 --- [hotel-inventory] [nio-8082-exec-7] o.s.w.s.m.m.a.HttpEntityMethodProcessor  : Using 'application/json', given [*/*] and supported [application/json, application/*+json, application/yaml]
2025-08-26T12:55:10.707+05:30 DEBUG 9676 --- [hotel-inventory] [nio-8082-exec-1] o.s.w.s.m.m.a.HttpEntityMethodProcessor  : Writing [{timestamp=Tue Aug 26 12:55:10 IST 2025, status=403, error=Forbidden, path=/api/categories}]
2025-08-26T12:55:10.707+05:30 DEBUG 9676 --- [hotel-inventory] [nio-8082-exec-7] o.s.w.s.m.m.a.HttpEntityMethodProcessor  : Writing [{timestamp=Tue Aug 26 12:55:10 IST 2025, status=403, error=Forbidden, path=/api/inventory}]
2025-08-26T12:55:10.707+05:30 DEBUG 9676 --- [hotel-inventory] [nio-8082-exec-2] o.s.w.s.m.m.a.HttpEntityMethodProcessor  : Using 'application/json', given [*/*] and supported [application/json, application/*+json, application/yaml]
2025-08-26T12:55:10.707+05:30 DEBUG 9676 --- [hotel-inventory] [nio-8082-exec-2] o.s.w.s.m.m.a.HttpEntityMethodProcessor  : Writing [{timestamp=Tue Aug 26 12:55:10 IST 2025, status=403, error=Forbidden, path=/api/suppliers}]
2025-08-26T12:55:10.708+05:30 DEBUG 9676 --- [hotel-inventory] [nio-8082-exec-7] o.s.web.servlet.DispatcherServlet        : Exiting from "ERROR" dispatch, status 403
2025-08-26T12:55:10.708+05:30 DEBUG 9676 --- [hotel-inventory] [nio-8082-exec-1] o.s.web.servlet.DispatcherServlet        : Exiting from "ERROR" dispatch, status 403
2025-08-26T12:55:10.708+05:30 DEBUG 9676 --- [hotel-inventory] [nio-8082-exec-2] o.s.web.servlet.DispatcherServlet        : Exiting from "ERROR" dispatch, status 403
2025-08-26T12:55:12.399+05:30 DEBUG 9676 --- [hotel-inventory] [io-8082-exec-10] org.hibernate.SQL                        : 
    select
        u1_0.id,
        u1_0.created_at,
        u1_0.email,
        u1_0.first_name,
        u1_0.is_active,
        u1_0.last_name,
        u1_0.password,
        u1_0.role,
        u1_0.updated_at,
        u1_0.username 
    from
        users u1_0 
    where
        u1_0.email=?
Hibernate: 
    select
        u1_0.id,
        u1_0.created_at,
        u1_0.email,
        u1_0.first_name,
        u1_0.is_active,
        u1_0.last_name,
        u1_0.password,
        u1_0.role,
        u1_0.updated_at,
        u1_0.username 
    from
        users u1_0 
    where
        u1_0.email=?
2025-08-26T12:55:12.402+05:30 DEBUG 9676 --- [hotel-inventory] [io-8082-exec-10] o.s.web.servlet.DispatcherServlet        : POST "/api/auth/logout", parameters={}
2025-08-26T12:55:12.403+05:30 DEBUG 9676 --- [hotel-inventory] [io-8082-exec-10] s.w.s.m.m.a.RequestMappingHandlerMapping : Mapped to com.example.hotel_inventory.controller.AuthController#logout(HttpServletResponse)
2025-08-26T12:55:12.403+05:30  INFO 9676 --- [hotel-inventory] [io-8082-exec-10] c.e.h.service.impl.AuthServiceImpl       : User logged out successfully
2025-08-26T12:55:12.404+05:30 DEBUG 9676 --- [hotel-inventory] [io-8082-exec-10] o.s.w.s.m.m.a.HttpEntityMethodProcessor  : Using 'text/plain', given [*/*] and supported [text/plain, */*, application/json, application/*+json, application/yaml]
2025-08-26T12:55:12.404+05:30 DEBUG 9676 --- [hotel-inventory] [io-8082-exec-10] o.s.w.s.m.m.a.HttpEntityMethodProcessor  : Writing ["Logout successful"]
2025-08-26T12:55:12.405+05:30 DEBUG 9676 --- [hotel-inventory] [io-8082-exec-10] o.s.web.servlet.DispatcherServlet        : Completed 200 OK
